player,best_over_odds,best_under_odds,best_point,game 1,game 2,game 3,game 4,game 5,game 6,game 7,game 8,game 9,game 10,average,projection,recent_form,edge
A.J. Lawson,125.0,-165.0,4.5,3.0,3.0,2.0,0.0,1.0,0.0,1.0,2.0,0.0,,1.33,2.915,-11.833333333333334,-3.17
Aaron Nesmith,-140.0,-105.0,4.5,1.0,3.0,5.0,5.0,6.0,5.0,4.0,6.0,7.0,1.0,4.3,4.4,-80.16666666666667,-0.20000000000000018
Aaron Wiggins,-158.0,110.0,3.5,7.0,5.0,1.0,7.0,3.0,6.0,5.0,7.0,0.0,3.0,4.4,3.95,-14.833333333333334,0.9000000000000004
Al Horford,-110.0,-125.0,7.5,9.0,9.0,8.0,7.0,10.0,3.0,4.0,10.0,10.0,8.0,7.8,7.65,-75.83333333333333,0.2999999999999998
Alex Caruso,-118.0,-110.0,2.5,2.0,1.0,3.0,1.0,2.0,4.0,7.0,3.0,1.0,2.0,2.6,2.55,-75.16666666666667,0.10000000000000009
Alex Sarr,-125.0,-107.0,7.5,,,,,,,,,,,,,-74.83333333333333,
Alperen Sengun,-127.0,-106.0,10.5,5.0,6.0,9.0,10.0,11.0,11.0,12.0,13.0,13.0,13.0,10.3,10.4,-74.16666666666667,-0.1999999999999993
Andrew Nembhard,-135.0,102.0,3.5,5.0,1.0,6.0,2.0,3.0,0.0,2.0,5.0,3.0,3.0,3.0,3.25,-9.833333333333334,-0.5
Andrew Wiggins,-110.0,-120.0,4.5,3.0,2.0,4.0,6.0,8.0,4.0,5.0,2.0,8.0,4.0,4.6,4.55,-75.16666666666667,0.09999999999999964
Anfernee Simons,-167.0,120.0,2.5,2.0,5.0,1.0,4.0,2.0,3.0,4.0,2.0,3.0,4.0,3.0,2.75,-14.833333333333334,0.5
Bam Adebayo,-140.0,100.0,10.5,6.0,13.0,12.0,15.0,7.0,7.0,9.0,5.0,7.0,12.0,9.3,9.9,-9.833333333333334,-1.1999999999999993
Bilal Coulibaly,-115.0,-115.0,5.5,10.0,5.0,3.0,7.0,2.0,5.0,2.0,5.0,5.0,3.0,4.7,5.1,-74.83333333333333,-0.7999999999999998
Bismack Biyombo,100.0,-132.0,6.5,4.0,4.0,14.0,4.0,3.0,3.0,12.0,10.0,2.0,3.0,5.9,6.2,-8.5,-0.5999999999999996
Bol Bol,-165.0,125.0,4.5,5.0,5.0,1.0,11.0,3.0,6.0,8.0,3.0,2.0,4.0,4.8,4.65,-11.833333333333334,0.2999999999999998
Bradley Beal,-115.0,-115.0,3.5,3.0,1.0,2.0,4.0,5.0,4.0,6.0,9.0,3.0,5.0,4.2,3.85,-75.5,0.7000000000000002
Cameron Johnson,-162.0,114.0,3.5,6.0,3.0,4.0,4.0,3.0,4.0,4.0,3.0,6.0,5.0,4.2,3.85,-14.833333333333334,0.7000000000000002
Cameron Payne,-210.0,160.0,0.5,2.0,2.0,1.0,1.0,2.0,1.0,1.0,0.0,2.0,3.0,1.5,1.0,-16.5,1.0
Carlton Carrington,-115.0,-115.0,4.5,2.0,5.0,5.0,5.0,8.0,1.0,5.0,3.0,8.0,4.0,4.6,4.55,-75.16666666666667,0.09999999999999964
Cason Wallace,-175.0,135.0,3.5,0.0,4.0,5.0,3.0,3.0,3.0,6.0,2.0,3.0,0.0,2.9,3.2,-12.166666666666666,-0.6000000000000001
Chris Paul,100.0,-134.0,3.5,1.0,4.0,0.0,3.0,3.0,1.0,0.0,3.0,0.0,5.0,2.0,2.75,-10.166666666666666,-1.5
Coby White,-136.0,100.0,3.5,3.0,5.0,4.0,7.0,4.0,1.0,5.0,4.0,2.0,4.0,3.9,3.7,-10.833333333333334,0.3999999999999999
Cole Anthony,-122.0,-108.0,3.5,4.0,4.0,1.0,7.0,5.0,1.0,9.0,5.0,6.0,1.0,4.3,3.9,-75.5,0.7999999999999998
Corey Kispert,-110.0,-120.0,3.5,1.0,3.0,2.0,5.0,3.0,3.0,1.0,2.0,4.0,2.0,2.6,3.05,-75.5,-0.8999999999999999
D'Angelo Russell,-130.0,-104.0,2.5,6.0,0.0,1.0,0.0,5.0,3.0,2.0,0.0,4.0,1.0,2.2,2.35,-77.16666666666667,-0.2999999999999998
Davion Mitchell,124.0,-160.0,2.5,3.0,4.0,1.0,4.0,3.0,0.0,1.0,4.0,2.0,0.0,2.2,2.35,-11.166666666666666,-0.2999999999999998
De'Aaron Fox,-150.0,100.0,4.5,2.0,4.0,3.0,4.0,3.0,3.0,3.0,7.0,5.0,9.0,4.3,4.4,-15.166666666666666,-0.20000000000000018
DeMar DeRozan,-166.0,130.0,3.5,7.0,9.0,6.0,2.0,2.0,6.0,7.0,4.0,4.0,4.0,5.1,4.3,-10.833333333333334,1.5999999999999996
Deni Avdija,-110.0,-121.0,6.5,6.0,6.0,12.0,2.0,14.0,4.0,4.0,5.0,6.0,3.0,6.2,6.35,-74.83333333333333,-0.2999999999999998
Derrick White,-152.0,105.0,3.5,5.0,3.0,3.0,3.0,1.0,3.0,3.0,9.0,10.0,7.0,4.7,4.1,-14.5,1.2000000000000002
Desmond Bane,-112.0,-120.0,6.5,9.0,16.0,6.0,10.0,12.0,3.0,5.0,7.0,5.0,6.0,7.9,7.2,-75.16666666666667,1.4000000000000004
Devin Booker,-150.0,100.0,3.5,3.0,6.0,5.0,4.0,0.0,7.0,3.0,4.0,4.0,2.0,3.8,3.65,-15.5,0.2999999999999998
Devin Vassell,-115.0,-115.0,4.5,4.0,2.0,11.0,3.0,6.0,5.0,5.0,3.0,1.0,2.0,4.2,4.35,-75.16666666666667,-0.2999999999999998
Dillon Brooks,-145.0,105.0,3.5,4.0,4.0,4.0,1.0,4.0,8.0,9.0,6.0,0.0,2.0,4.2,3.85,-12.166666666666666,0.7000000000000002
Donovan Clingan,100.0,-135.0,9.5,9.0,12.0,7.0,13.0,3.0,7.0,8.0,13.0,5.0,6.0,8.3,8.9,-8.5,-1.1999999999999993
Draymond Green,-152.0,100.0,7.5,9.0,7.0,9.0,12.0,8.0,10.0,6.0,4.0,8.0,4.0,7.7,7.6,-14.833333333333334,0.20000000000000018
Duncan Robinson,-158.0,105.0,2.5,1.0,4.0,3.0,3.0,3.0,2.0,5.0,3.0,4.0,3.0,3.1,2.8,-16.833333333333332,0.6000000000000001
Dyson Daniels,-132.0,100.0,5.5,6.0,4.0,9.0,3.0,4.0,5.0,11.0,5.0,11.0,4.0,6.2,5.85,-8.833333333333334,0.7000000000000002
Franz Wagner,-115.0,-115.0,5.5,7.0,2.0,5.0,4.0,2.0,5.0,7.0,6.0,7.0,7.0,5.2,5.35,-74.83333333333333,-0.2999999999999998
Fred VanVleet,120.0,-154.0,3.5,5.0,0.0,1.0,4.0,5.0,3.0,3.0,5.0,4.0,1.0,3.1,3.3,-10.166666666666666,-0.3999999999999999
Harrison Barnes,-135.0,100.0,3.5,2.0,2.0,2.0,1.0,0.0,1.0,5.0,4.0,3.0,4.0,2.4,2.95,-10.5,-1.1
Immanuel Quickley,-152.0,114.0,4.5,5.0,4.0,2.0,5.0,2.0,6.0,6.0,7.0,2.0,3.0,4.2,4.35,-11.166666666666666,-0.2999999999999998
Isaiah Collier,-132.0,100.0,3.5,5.0,3.0,6.0,3.0,2.0,3.0,3.0,3.0,4.0,3.0,3.5,3.5,-9.5,0.0
Isaiah Hartenstein,-143.0,108.0,10.5,11.0,15.0,5.0,11.0,10.0,2.0,5.0,9.0,13.0,12.0,9.3,9.9,-8.166666666666666,-1.1999999999999993
Isaiah Joe,-135.0,100.0,1.5,0.0,6.0,3.0,0.0,2.0,3.0,1.0,5.0,1.0,3.0,2.4,1.95,-11.166666666666666,0.8999999999999999
Ja Morant,105.0,-135.0,4.5,4.0,4.0,3.0,4.0,4.0,2.0,4.0,0.0,7.0,5.0,3.7,4.1,-8.5,-0.7999999999999998
Jabari Smith Jr,-114.0,-117.0,6.5,,,,,,,,,,,,,-74.83333333333333,
Jalen Green,-106.0,-125.0,4.5,7.0,2.0,4.0,6.0,2.0,7.0,8.0,3.0,5.0,0.0,4.4,4.45,-75.5,-0.09999999999999964
Jalen Williams,-154.0,120.0,5.5,9.0,5.0,4.0,6.0,5.0,5.0,6.0,3.0,9.0,3.0,5.5,5.5,-9.5,0.0
Jamal Shead,-185.0,135.0,1.5,5.0,2.0,1.0,2.0,2.0,1.0,2.0,1.0,2.0,0.0,1.8,1.65,-16.166666666666668,0.30000000000000004
Jaylen Brown,-110.0,-120.0,5.5,6.0,8.0,5.0,5.0,5.0,8.0,6.0,3.0,5.0,9.0,6.0,5.75,-74.83333333333333,0.5
Jaylen Wells,105.0,-140.0,3.5,7.0,5.0,5.0,2.0,2.0,1.0,5.0,4.0,3.0,4.0,3.8,3.65,-10.5,0.2999999999999998
Jayson Tatum,-145.0,114.0,8.5,12.0,7.0,11.0,16.0,6.0,6.0,10.0,11.0,14.0,8.0,10.1,9.3,-7.5,1.5999999999999996
Jerami Grant,-103.0,-130.0,3.5,2.0,5.0,6.0,4.0,9.0,2.0,2.0,4.0,2.0,5.0,4.1,3.8,-76.5,0.5999999999999996
Jimmy Butler,-115.0,-114.0,5.5,9.0,2.0,4.0,3.0,4.0,8.0,3.0,3.0,8.0,9.0,5.3,5.4,-74.5,-0.20000000000000018
Jonas Valanciunas,-135.0,105.0,10.5,17.0,12.0,13.0,9.0,14.0,7.0,8.0,2.0,2.0,4.0,8.8,9.65,-6.5,-1.6999999999999993
Jordan Poole,-145.0,100.0,3.5,2.0,5.0,4.0,3.0,2.0,5.0,6.0,5.0,4.0,3.0,3.9,3.7,-13.833333333333334,0.3999999999999999
Josh Giddey,-135.0,104.0,8.5,10.0,13.0,9.0,8.0,8.0,16.0,8.0,16.0,2.0,6.0,9.6,9.05,-7.5,1.0999999999999996
Josh Green,112.0,-145.0,2.5,4.0,3.0,1.0,4.0,2.0,1.0,0.0,2.0,3.0,3.0,2.3,2.4,-10.166666666666666,-0.20000000000000018
Josh Hart,-145.0,100.0,10.5,20.0,10.0,8.0,7.0,4.0,17.0,11.0,10.0,10.0,8.0,10.5,10.5,-11.5,0.0
Jrue Holiday,112.0,-148.0,4.5,5.0,2.0,4.0,1.0,6.0,5.0,3.0,7.0,5.0,3.0,4.1,4.3,-10.5,-0.40000000000000036
Karl-Anthony Towns,-130.0,100.0,12.5,10.0,14.0,16.0,7.0,18.0,7.0,18.0,10.0,12.0,9.0,12.1,12.3,-5.833333333333333,-0.40000000000000036
Keegan Murray,-125.0,-106.0,5.5,6.0,9.0,3.0,5.0,5.0,6.0,5.0,5.0,8.0,7.0,5.9,5.7,-75.16666666666667,0.40000000000000036
Kel'el Ware,-110.0,-120.0,9.5,12.0,8.0,12.0,8.0,15.0,12.0,6.0,9.0,6.0,7.0,9.5,9.5,-73.5,0.0
Kentavious Caldwell-Pope,128.0,-166.0,2.5,3.0,4.0,2.0,3.0,2.0,0.0,1.0,2.0,4.0,3.0,2.4,2.45,-11.833333333333334,-0.10000000000000009
Keon Johnson,-157.0,107.0,4.5,3.0,1.0,7.0,8.0,6.0,3.0,2.0,4.0,4.0,5.0,4.3,4.4,-15.166666666666666,-0.20000000000000018
Kevin Durant,-143.0,100.0,5.5,9.0,9.0,7.0,10.0,2.0,5.0,8.0,4.0,10.0,5.0,6.9,6.2,-12.5,1.4000000000000004
Keyonte George,-125.0,-105.0,3.5,6.0,6.0,3.0,3.0,4.0,3.0,5.0,8.0,3.0,4.0,4.5,4.0,-75.5,1.0
Klay Thompson,-160.0,114.0,3.5,5.0,4.0,4.0,3.0,2.0,2.0,8.0,2.0,3.0,7.0,4.0,3.75,-14.166666666666666,0.5
Kyle Filipowski,-158.0,116.0,5.5,7.0,5.0,13.0,8.0,11.0,13.0,1.0,11.0,2.0,3.0,7.4,6.45,-12.166666666666666,1.9000000000000004
Kyshawn George,-115.0,-115.0,5.5,6.0,7.0,8.0,4.0,5.0,3.0,2.0,9.0,9.0,7.0,6.0,5.75,-74.83333333333333,0.5
LaMelo Ball,-200.0,120.0,5.5,1.0,10.0,9.0,7.0,6.0,4.0,5.0,1.0,4.0,0.0,4.7,5.1,-24.833333333333332,-0.7999999999999998
Luguentz Dort,-108.0,-120.0,3.5,6.0,4.0,0.0,9.0,4.0,1.0,3.0,3.0,2.0,3.0,3.5,3.5,-74.83333333333333,0.0
Luka Doncic,-150.0,-110.0,9.5,8.0,7.0,8.0,6.0,2.0,13.0,15.0,10.0,11.0,4.0,8.4,8.95,-83.5,-1.0999999999999996
Malik Monk,-145.0,105.0,3.5,1.0,5.0,9.0,4.0,0.0,6.0,4.0,3.0,4.0,7.0,4.3,3.9,-12.166666666666666,0.7999999999999998
Mark Williams,-144.0,102.0,9.5,8.0,13.0,12.0,16.0,12.0,5.0,9.0,5.0,14.0,15.0,10.9,10.2,-10.833333333333334,1.4000000000000004
Matas Buzelis,100.0,-130.0,5.5,5.0,5.0,7.0,6.0,4.0,4.0,3.0,3.0,7.0,1.0,4.5,5.0,-8.166666666666666,-1.0
Max Christie,-140.0,100.0,4.5,3.0,5.0,2.0,5.0,2.0,4.0,1.0,4.0,4.0,5.0,3.5,4.0,-11.833333333333334,-1.0
Mikal Bridges,120.0,-154.0,3.5,4.0,3.0,4.0,4.0,2.0,2.0,0.0,1.0,10.0,3.0,3.3,3.4,-10.166666666666666,-0.20000000000000018
Miles Bridges,-115.0,-115.0,7.5,12.0,8.0,9.0,9.0,7.0,12.0,7.0,6.0,3.0,13.0,8.6,8.05,-74.16666666666667,1.0999999999999996
Miles McBride,-165.0,124.0,2.5,2.0,5.0,4.0,2.0,4.0,2.0,2.0,3.0,6.0,0.0,3.0,2.75,-12.833333333333334,0.5
Moses Moody,-152.0,108.0,3.5,7.0,5.0,4.0,5.0,2.0,1.0,1.0,4.0,2.0,6.0,3.7,3.6,-13.5,0.20000000000000018
Mouhamed Gueye,-136.0,102.0,3.5,0.0,5.0,5.0,1.0,1.0,3.0,2.0,2.0,3.0,1.0,2.3,2.9,-10.166666666666666,-1.2000000000000002
Myles Turner,102.0,-136.0,7.5,6.0,9.0,4.0,6.0,3.0,10.0,2.0,6.0,10.0,0.0,5.6,6.55,-8.833333333333334,-1.9000000000000004
Nick Richards,-105.0,-127.0,8.5,9.0,5.0,7.0,8.0,12.0,16.0,4.0,8.0,10.0,6.0,8.5,8.5,-74.5,0.0
Nicolas Claxton,-150.0,112.0,8.5,,,,,,,,,,,,,-9.833333333333334,
Nikola Jokic,-125.0,-105.0,13.5,13.0,21.0,15.0,14.0,17.0,14.0,9.0,13.0,17.0,15.0,14.8,14.15,-72.16666666666667,1.3000000000000007
Nikola Vucevic,-132.0,100.0,9.5,11.0,9.0,14.0,7.0,4.0,11.0,11.0,11.0,12.0,11.0,10.1,9.8,-7.5,0.5999999999999996
OG Anunoby,-120.0,-110.0,4.5,8.0,4.0,3.0,9.0,3.0,9.0,2.0,0.0,1.0,4.0,4.3,4.4,-75.16666666666667,-0.20000000000000018
Onyeka Okongwu,-148.0,112.0,10.5,16.0,13.0,9.0,12.0,13.0,9.0,8.0,9.0,7.0,14.0,11.0,10.75,-8.5,0.5
Orlando Robinson,-107.0,-125.0,7.5,7.0,7.0,5.0,7.0,8.0,3.0,2.0,7.0,5.0,4.0,5.5,6.5,-74.83333333333333,-2.0
P.J. Washington,-137.0,104.0,7.5,5.0,10.0,4.0,7.0,3.0,13.0,14.0,9.0,8.0,19.0,9.2,8.35,-8.5,1.6999999999999993
Paolo Banchero,-154.0,114.0,7.5,6.0,9.0,8.0,4.0,6.0,5.0,5.0,6.0,10.0,8.0,6.7,7.1,-10.833333333333334,-0.7999999999999998
Pascal Siakam,-125.0,-105.0,7.5,7.0,9.0,2.0,6.0,6.0,8.0,9.0,12.0,4.0,5.0,6.8,7.15,-74.16666666666667,-0.7000000000000002
Precious Achiuwa,-145.0,105.0,3.5,5.0,15.0,1.0,6.0,1.0,10.0,9.0,8.0,12.0,4.0,7.1,5.3,-12.166666666666666,3.5999999999999996
R.J. Barrett,-122.0,-108.0,6.5,,,,,,,,,,,,,-74.5,
Scottie Barnes,-148.0,-108.0,7.5,2.0,12.0,13.0,3.0,8.0,3.0,9.0,6.0,11.0,10.0,7.7,7.6,-82.83333333333333,0.20000000000000018
Shai Gilgeous-Alexander,-125.0,-105.0,4.5,8.0,2.0,5.0,4.0,3.0,6.0,10.0,8.0,2.0,8.0,5.6,5.05,-75.16666666666667,1.0999999999999996
Stephen Curry,105.0,-140.0,4.5,3.0,4.0,7.0,3.0,5.0,4.0,4.0,4.0,1.0,5.0,4.0,4.25,-10.166666666666666,-0.5
Tari Eason,-120.0,-110.0,6.5,2.0,2.0,14.0,4.0,6.0,3.0,9.0,6.0,4.0,6.0,5.6,6.05,-74.5,-0.9000000000000004
Toumani Camara,-103.0,-132.0,6.5,5.0,10.0,4.0,9.0,5.0,3.0,5.0,8.0,10.0,7.0,6.6,6.55,-76.16666666666667,0.09999999999999964
Trae Young,-165.0,108.0,2.5,4.0,3.0,2.0,2.0,3.0,2.0,3.0,2.0,3.0,1.0,2.5,2.5,-18.166666666666668,0.0
Tre Jones,-149.0,105.0,3.5,5.0,5.0,8.0,0.0,1.0,2.0,4.0,1.0,1.0,2.0,2.9,3.2,-13.5,-0.6000000000000001
Tyler Herro,105.0,-135.0,5.5,8.0,6.0,3.0,4.0,3.0,2.0,6.0,7.0,3.0,8.0,5.0,5.25,-8.166666666666666,-0.5
Tyrese Haliburton,-130.0,100.0,3.5,3.0,5.0,2.0,3.0,1.0,1.0,5.0,2.0,5.0,2.0,2.9,3.2,-8.833333333333334,-0.6000000000000001
Tyrese Maxey,-174.0,120.0,2.5,0.0,3.0,4.0,0.0,2.0,5.0,5.0,4.0,3.0,3.0,2.9,2.7,-17.166666666666668,0.3999999999999999
Vincent Williams Jr,-130.0,100.0,4.5,,,,,,,,,,,,,-8.5,
Walker Kessler,-130.0,100.0,13.5,25.0,9.0,13.0,14.0,17.0,19.0,8.0,12.0,22.0,18.0,15.7,14.6,-5.5,2.1999999999999993
Wendell Carter Jr,-143.0,104.0,8.5,,,,,,,,,,,,,-10.166666666666666,
Zaccharie Risacher,-136.0,100.0,3.5,1.0,4.0,4.0,1.0,9.0,3.0,3.0,6.0,12.0,2.0,4.5,4.0,-10.833333333333334,1.0
Zach Edey,-105.0,-130.0,9.5,12.0,12.0,9.0,5.0,9.0,11.0,8.0,9.0,6.0,11.0,9.2,9.35,-75.16666666666667,-0.3000000000000007
Zach LaVine,-115.0,-115.0,4.5,7.0,4.0,4.0,3.0,6.0,8.0,3.0,5.0,2.0,3.0,4.5,4.5,-75.16666666666667,0.0
Ziaire Williams,-160.0,105.0,5.5,,,,,,,,,,,,,-16.5,
description,,,,,,,,,,,,,,,,,
A.J. Lawson,130.0,-165.0,1.5,2.0,1.0,1.0,0.0,0.0,0.0,0.0,0.0,0.0,,0.44,0.97,-11.166666666666666,-1.06
Aaron Nesmith,-115.0,-115.0,1.5,2.0,2.0,0.0,1.0,2.0,3.0,0.0,1.0,1.0,1.0,1.3,1.4,-76.16666666666667,-0.19999999999999996
Aaron Wiggins,110.0,-145.0,1.5,1.0,3.0,3.0,2.0,2.0,2.0,3.0,0.0,0.0,5.0,2.1,1.8,-11.166666666666666,0.6000000000000001
Al Horford,105.0,-135.0,2.5,4.0,4.0,0.0,2.0,2.0,1.0,1.0,3.0,0.0,1.0,1.8,2.15,-9.166666666666666,-0.7
Alex Caruso,-130.0,-104.0,2.5,2.0,1.0,1.0,2.0,3.0,4.0,2.0,6.0,2.0,5.0,2.8,2.65,-77.16666666666667,0.2999999999999998
Alex Sarr,114.0,-145.0,2.5,,,,,,,,,,,,,-9.5,
Alperen Sengun,-167.0,124.0,5.5,6.0,8.0,7.0,5.0,3.0,3.0,7.0,2.0,4.0,5.0,5.0,5.25,-12.5,-0.5
Andrew Nembhard,100.0,-130.0,7.5,12.0,10.0,6.0,4.0,11.0,3.0,5.0,1.0,4.0,4.0,6.0,6.75,-7.5,-1.5
Andrew Wiggins,-102.0,-130.0,2.5,1.0,6.0,1.0,4.0,1.0,3.0,5.0,2.0,6.0,2.0,3.1,2.8,-76.5,0.6000000000000001
Anfernee Simons,-155.0,100.0,4.5,1.0,5.0,6.0,3.0,2.0,6.0,5.0,6.0,4.0,7.0,4.5,4.5,-16.833333333333332,0.0
Bam Adebayo,-130.0,100.0,3.5,2.0,4.0,5.0,5.0,4.0,7.0,3.0,1.0,1.0,1.0,3.3,3.4,-8.833333333333334,-0.20000000000000018
Bilal Coulibaly,-125.0,-105.0,3.5,4.0,0.0,0.0,3.0,3.0,2.0,6.0,4.0,8.0,4.0,3.4,3.45,-75.5,-0.10000000000000009
Bismack Biyombo,-210.0,155.0,0.5,0.0,1.0,3.0,2.0,1.0,1.0,1.0,0.0,1.0,2.0,1.2,0.85,-18.166666666666668,0.7
Bol Bol,-140.0,105.0,0.5,1.0,1.0,0.0,3.0,2.0,1.0,1.0,1.0,0.0,0.0,1.0,0.75,-11.5,0.5
Bradley Beal,-135.0,100.0,4.5,6.0,9.0,2.0,3.0,11.0,1.0,4.0,6.0,6.0,3.0,5.1,4.8,-10.166666666666666,0.5999999999999996
Cameron Johnson,-180.0,120.0,2.5,4.0,4.0,0.0,4.0,7.0,1.0,4.0,2.0,3.0,3.0,3.2,2.85,-19.166666666666668,0.7000000000000002
Cameron Payne,-160.0,120.0,2.5,3.0,1.0,4.0,3.0,3.0,2.0,0.0,4.0,5.0,4.0,2.9,2.7,-12.5,0.3999999999999999
Carlton Carrington,-160.0,108.0,4.5,3.0,9.0,7.0,4.0,4.0,2.0,4.0,2.0,5.0,5.0,4.5,4.5,-15.833333333333334,0.0
Cason Wallace,130.0,-175.0,2.5,1.0,1.0,4.0,4.0,4.0,2.0,1.0,2.0,5.0,0.0,2.4,2.45,-14.166666666666666,-0.10000000000000009
Chris Paul,-143.0,100.0,6.5,7.0,6.0,7.0,6.0,8.0,4.0,10.0,7.0,2.0,10.0,6.7,6.6,-12.166666666666666,0.20000000000000018
Coby White,-115.0,-115.0,4.5,3.0,1.0,7.0,1.0,3.0,3.0,6.0,8.0,6.0,3.0,4.1,4.3,-75.16666666666667,-0.40000000000000036
Cole Anthony,120.0,-160.0,3.5,9.0,3.0,1.0,4.0,4.0,1.0,7.0,3.0,1.0,4.0,3.7,3.6,-12.166666666666666,0.20000000000000018
Corey Kispert,-150.0,115.0,1.5,1.0,3.0,0.0,4.0,1.0,3.0,1.0,2.0,0.0,2.0,1.7,1.6,-11.166666666666666,0.19999999999999996
D'Angelo Russell,-130.0,100.0,5.5,7.0,4.0,4.0,5.0,4.0,4.0,1.0,2.0,5.0,3.0,3.9,4.7,-8.166666666666666,-1.6
Davion Mitchell,-105.0,-125.0,5.5,8.0,10.0,7.0,5.0,8.0,6.0,2.0,5.0,1.0,4.0,5.6,5.55,-74.83333333333333,0.09999999999999964
De'Aaron Fox,-145.0,114.0,5.5,3.0,8.0,7.0,4.0,7.0,3.0,9.0,5.0,5.0,7.0,5.8,5.65,-8.5,0.2999999999999998
DeMar DeRozan,-130.0,100.0,5.5,10.0,7.0,5.0,4.0,6.0,8.0,3.0,6.0,5.0,6.0,6.0,5.75,-8.166666666666666,0.5
Deni Avdija,-148.0,100.0,3.5,2.0,4.0,10.0,1.0,5.0,4.0,5.0,1.0,8.0,4.0,4.4,3.95,-14.833333333333334,0.9000000000000004
Derrick White,-110.0,-120.0,4.5,7.0,6.0,2.0,2.0,5.0,3.0,5.0,7.0,2.0,9.0,4.8,4.65,-75.16666666666667,0.2999999999999998
Desmond Bane,-138.0,104.0,5.5,8.0,6.0,1.0,10.0,4.0,9.0,8.0,2.0,7.0,4.0,5.9,5.7,-9.5,0.40000000000000036
Devin Booker,-115.0,-114.0,7.5,6.0,7.0,8.0,5.0,9.0,9.0,10.0,8.0,8.0,8.0,7.8,7.65,-73.83333333333333,0.2999999999999998
Devin Vassell,-110.0,-120.0,2.5,2.0,3.0,5.0,5.0,3.0,3.0,3.0,1.0,0.0,0.0,2.5,2.5,-75.83333333333333,0.0
Dillon Brooks,-150.0,110.0,1.5,3.0,1.0,2.0,0.0,1.0,4.0,5.0,2.0,1.0,3.0,2.2,1.85,-12.833333333333334,0.7000000000000002
Donovan Clingan,135.0,-185.0,1.5,3.0,1.0,1.0,2.0,2.0,3.0,3.0,1.0,0.0,0.0,1.6,1.55,-16.166666666666668,0.10000000000000009
Draymond Green,-129.0,-104.0,6.5,7.0,10.0,8.0,7.0,8.0,4.0,6.0,6.0,9.0,8.0,7.3,6.9,-75.5,0.7999999999999998
Duncan Robinson,-115.0,-115.0,2.5,4.0,1.0,2.0,1.0,5.0,5.0,6.0,2.0,0.0,0.0,2.6,2.55,-75.83333333333333,0.10000000000000009
Dyson Daniels,-110.0,-119.0,4.5,4.0,5.0,6.0,7.0,3.0,5.0,2.0,6.0,4.0,4.0,4.6,4.55,-74.83333333333333,0.09999999999999964
Franz Wagner,-160.0,114.0,3.5,5.0,6.0,1.0,1.0,4.0,4.0,5.0,3.0,5.0,2.0,3.6,3.55,-14.166666666666666,0.10000000000000009
Fred VanVleet,110.0,-145.0,5.5,5.0,2.0,5.0,6.0,7.0,6.0,5.0,2.0,3.0,8.0,4.9,5.2,-9.833333333333334,-0.5999999999999996
Harrison Barnes,140.0,-190.0,1.5,1.0,0.0,3.0,2.0,1.0,1.0,2.0,2.0,3.0,1.0,1.6,1.55,-16.166666666666668,0.10000000000000009
Immanuel Quickley,100.0,-130.0,5.5,5.0,4.0,4.0,5.0,6.0,7.0,8.0,3.0,3.0,5.0,5.0,5.25,-8.166666666666666,-0.5
Isaiah Collier,-112.0,-120.0,7.5,10.0,6.0,6.0,2.0,8.0,14.0,7.0,4.0,10.0,12.0,7.9,7.7,-74.83333333333333,0.40000000000000036
Isaiah Hartenstein,-117.0,-114.0,3.5,1.0,2.0,6.0,6.0,6.0,3.0,2.0,5.0,4.0,1.0,3.6,3.55,-75.83333333333333,0.10000000000000009
Isaiah Joe,-200.0,150.0,0.5,2.0,6.0,1.0,0.0,0.0,2.0,2.0,2.0,3.0,1.0,1.9,1.2,-16.5,1.4
Ja Morant,-135.0,105.0,7.5,6.0,8.0,6.0,7.0,8.0,10.0,5.0,6.0,6.0,7.0,6.9,7.2,-7.5,-0.5999999999999996
Jabari Smith Jr,-225.0,165.0,0.5,,,,,,,,,,,,,-19.833333333333332,
Jalen Green,-167.0,114.0,4.5,3.0,8.0,2.0,4.0,2.0,4.0,3.0,10.0,4.0,1.0,4.1,4.3,-16.166666666666668,-0.40000000000000036
Jalen Williams,-140.0,101.0,5.5,8.0,9.0,3.0,7.0,8.0,4.0,6.0,9.0,4.0,5.0,6.3,5.9,-11.166666666666666,0.7999999999999998
Jamal Shead,-162.0,120.0,4.5,9.0,5.0,5.0,4.0,2.0,4.0,6.0,2.0,5.0,2.0,4.4,4.45,-12.5,-0.09999999999999964
Jaylen Brown,-143.0,-104.0,4.5,2.0,8.0,8.0,2.0,4.0,2.0,6.0,5.0,2.0,6.0,4.5,4.5,-80.83333333333333,0.0
Jaylen Wells,105.0,-140.0,1.5,2.0,1.0,1.0,6.0,3.0,2.0,2.0,0.0,1.0,0.0,1.8,1.65,-11.166666666666666,0.30000000000000004
Jayson Tatum,-130.0,100.0,6.5,8.0,2.0,7.0,9.0,3.0,11.0,9.0,10.0,7.0,2.0,6.8,6.65,-7.833333333333333,0.2999999999999998
Jimmy Butler,-145.0,100.0,5.5,5.0,6.0,4.0,4.0,7.0,5.0,5.0,7.0,4.0,7.0,5.4,5.45,-13.166666666666666,-0.09999999999999964
Jonas Valanciunas,100.0,-135.0,3.5,7.0,6.0,6.0,3.0,1.0,2.0,1.0,1.0,2.0,0.0,2.9,3.2,-10.5,-0.6000000000000001
Jordan Poole,-160.0,100.0,4.5,5.0,3.0,2.0,4.0,5.0,5.0,4.0,6.0,5.0,8.0,4.7,4.6,-18.5,0.20000000000000018
Josh Giddey,-122.0,-108.0,7.5,12.0,9.0,7.0,12.0,12.0,6.0,10.0,4.0,3.0,4.0,7.9,7.7,-74.16666666666667,0.40000000000000036
Josh Green,-110.0,-125.0,1.5,5.0,1.0,0.0,5.0,2.0,3.0,1.0,2.0,2.0,1.0,2.2,1.85,-77.83333333333333,0.7000000000000002
Josh Hart,-145.0,114.0,6.5,6.0,2.0,3.0,3.0,6.0,4.0,9.0,6.0,5.0,3.0,4.7,5.6,-8.166666666666666,-1.7999999999999998
Jrue Holiday,-167.0,128.0,3.5,1.0,6.0,2.0,2.0,1.0,5.0,5.0,3.0,3.0,4.0,3.2,3.35,-11.833333333333334,-0.2999999999999998
Karl-Anthony Towns,-125.0,-107.0,2.5,2.0,1.0,0.0,2.0,0.0,4.0,2.0,3.0,5.0,1.0,2.0,2.25,-76.5,-0.5
Keegan Murray,140.0,-190.0,1.5,2.0,1.0,0.0,3.0,2.0,2.0,0.0,0.0,3.0,5.0,1.8,1.65,-16.166666666666668,0.30000000000000004
Kel'el Ware,-235.0,175.0,0.5,0.0,0.0,0.0,2.0,3.0,4.0,1.0,1.0,0.0,2.0,1.3,0.9,-19.833333333333332,0.8
Kentavious Caldwell-Pope,175.0,-235.0,1.5,1.0,2.0,3.0,1.0,1.0,2.0,1.0,3.0,0.0,0.0,1.4,1.45,-19.5,-0.10000000000000009
Keon Johnson,-105.0,-123.0,2.5,2.0,2.0,1.0,2.0,0.0,4.0,5.0,4.0,1.0,3.0,2.4,2.45,-75.16666666666667,-0.10000000000000009
Kevin Durant,-106.0,-127.0,4.5,8.0,5.0,4.0,4.0,6.0,2.0,7.0,4.0,5.0,2.0,4.7,4.6,-76.16666666666667,0.20000000000000018
Keyonte George,104.0,-135.0,5.5,3.0,8.0,3.0,6.0,9.0,5.0,5.0,6.0,6.0,9.0,6.0,5.75,-8.5,0.5
Kyshawn George,-155.0,115.0,2.5,3.0,2.0,5.0,8.0,2.0,5.0,3.0,5.0,1.0,3.0,3.7,3.1,-12.5,1.2000000000000002
LaMelo Ball,-118.0,-110.0,6.5,7.0,6.0,7.0,3.0,9.0,2.0,6.0,3.0,10.0,1.0,5.4,5.95,-73.83333333333333,-1.0999999999999996
Luguentz Dort,-120.0,-110.0,1.5,3.0,3.0,2.0,2.0,1.0,2.0,1.0,2.0,1.0,0.0,1.7,1.6,-76.16666666666667,0.19999999999999996
Luka Doncic,-145.0,102.0,8.5,3.0,12.0,15.0,9.0,5.0,5.0,12.0,7.0,8.0,4.0,8.0,8.25,-11.5,-0.5
Malik Monk,-150.0,110.0,5.5,8.0,4.0,6.0,10.0,4.0,9.0,4.0,8.0,7.0,4.0,6.4,5.95,-11.5,0.9000000000000004
Mark Williams,-188.0,145.0,2.5,2.0,1.0,3.0,3.0,0.0,0.0,2.0,2.0,2.0,3.0,1.8,2.15,-13.5,-0.7
Matas Buzelis,-145.0,105.0,1.5,1.0,2.0,3.0,3.0,3.0,2.0,5.0,1.0,1.0,1.0,2.2,1.85,-12.833333333333334,0.7000000000000002
Max Christie,-177.0,132.0,3.5,2.0,3.0,1.0,4.0,3.0,4.0,6.0,2.0,2.0,5.0,3.2,3.35,-13.833333333333334,-0.2999999999999998
Mikal Bridges,-115.0,-115.0,4.5,5.0,3.0,4.0,8.0,3.0,3.0,1.0,5.0,5.0,4.0,4.1,4.3,-75.16666666666667,-0.40000000000000036
Miles Bridges,105.0,-135.0,3.5,5.0,2.0,5.0,3.0,7.0,6.0,2.0,1.0,3.0,7.0,4.1,3.8,-8.833333333333334,0.5999999999999996
Miles McBride,125.0,-160.0,4.5,6.0,2.0,5.0,2.0,3.0,1.0,2.0,0.0,3.0,1.0,2.5,3.5,-10.166666666666666,-2.0
Moses Moody,-118.0,-110.0,1.5,3.0,2.0,2.0,0.0,0.0,0.0,1.0,1.0,4.0,1.0,1.4,1.45,-75.5,-0.10000000000000009
Mouhamed Gueye,-165.0,125.0,0.5,2.0,0.0,1.0,0.0,0.0,3.0,0.0,0.0,1.0,2.0,0.9,0.7,-13.166666666666666,0.4
Myles Turner,-152.0,115.0,1.5,2.0,1.0,1.0,2.0,3.0,2.0,2.0,4.0,2.0,0.0,1.9,1.7,-11.833333333333334,0.3999999999999999
Nick Richards,-120.0,-110.0,0.5,0.0,0.0,0.0,2.0,2.0,2.0,0.0,0.0,0.0,0.0,0.6,0.55,-76.5,0.09999999999999998
Nicolas Claxton,-141.0,102.0,2.5,,,,,,,,,,,,,-12.166666666666666,
Nikola Jokic,-148.0,105.0,9.5,9.0,22.0,6.0,9.0,15.0,10.0,19.0,10.0,9.0,10.0,11.9,10.7,-11.166666666666666,2.4000000000000004
Nikola Vucevic,-140.0,100.0,2.5,1.0,1.0,5.0,1.0,1.0,4.0,2.0,10.0,3.0,2.0,3.0,2.75,-12.5,0.5
OG Anunoby,-135.0,100.0,2.5,1.0,1.0,3.0,5.0,3.0,3.0,2.0,0.0,1.0,1.0,2.0,2.25,-10.833333333333334,-0.5
Onyeka Okongwu,-105.0,-125.0,2.5,2.0,2.0,2.0,2.0,2.0,3.0,3.0,6.0,3.0,5.0,3.0,2.75,-75.83333333333333,0.5
Orlando Robinson,128.0,-167.0,2.5,1.0,2.0,2.0,0.0,3.0,1.0,1.0,2.0,4.0,2.0,1.8,2.15,-12.166666666666666,-0.7
P.J. Washington,-196.0,149.0,1.5,0.0,5.0,3.0,3.0,1.0,1.0,8.0,3.0,3.0,3.0,3.0,2.25,-15.166666666666666,1.5
Paolo Banchero,-125.0,-105.0,4.5,2.0,3.0,8.0,5.0,5.0,4.0,5.0,2.0,5.0,6.0,4.5,4.5,-75.16666666666667,0.0
Pascal Siakam,-165.0,-105.0,2.5,3.0,3.0,2.0,4.0,2.0,2.0,2.0,2.0,2.0,5.0,2.7,2.6,-89.16666666666667,0.20000000000000018
Precious Achiuwa,-200.0,145.0,0.5,2.0,0.0,0.0,2.0,3.0,1.0,0.0,1.0,2.0,2.0,1.3,0.9,-18.166666666666668,0.8
R.J. Barrett,-145.0,102.0,4.5,,,,,,,,,,,,,-12.833333333333334,
Scottie Barnes,-165.0,105.0,4.5,4.0,6.0,5.0,4.0,6.0,6.0,4.0,3.0,7.0,3.0,4.8,4.65,-18.5,0.2999999999999998
Shai Gilgeous-Alexander,-130.0,-102.0,6.5,5.0,8.0,7.0,8.0,5.0,5.0,8.0,8.0,8.0,9.0,7.1,6.8,-75.16666666666667,0.5999999999999996
Stephen Curry,-105.0,-127.0,6.5,4.0,4.0,9.0,10.0,13.0,3.0,6.0,7.0,6.0,3.0,6.5,6.5,-75.16666666666667,0.0
Tari Eason,-110.0,-118.0,1.5,1.0,4.0,4.0,2.0,1.0,1.0,4.0,1.0,2.0,1.0,2.1,1.8,-75.5,0.6000000000000001
Toumani Camara,-160.0,125.0,1.5,5.0,2.0,2.0,1.0,2.0,4.0,2.0,3.0,6.0,3.0,3.0,2.25,-11.166666666666666,1.5
Trae Young,-143.0,102.0,12.5,8.0,16.0,13.0,15.0,12.0,8.0,14.0,13.0,6.0,19.0,12.4,12.45,-9.5,-0.09999999999999964
Tre Jones,-118.0,-113.0,5.5,5.0,4.0,7.0,6.0,2.0,2.0,5.0,3.0,0.0,2.0,3.6,4.55,-75.16666666666667,-1.9
Tyler Herro,-125.0,-105.0,6.5,6.0,7.0,6.0,7.0,7.0,10.0,3.0,11.0,7.0,3.0,6.7,6.6,-74.5,0.20000000000000018
Tyrese Haliburton,-130.0,100.0,10.5,15.0,12.0,10.0,11.0,15.0,12.0,9.0,7.0,8.0,9.0,10.8,10.65,-6.5,0.3000000000000007
Tyrese Maxey,-120.0,-110.0,5.5,6.0,11.0,5.0,2.0,5.0,7.0,3.0,5.0,7.0,5.0,5.6,5.55,-74.83333333333333,0.09999999999999964
Vincent Williams Jr,-105.0,-125.0,2.5,,,,,,,,,,,,,-75.83333333333333,
Walker Kessler,130.0,-175.0,1.5,0.0,1.0,1.0,5.0,3.0,1.0,1.0,2.0,4.0,2.0,2.0,1.75,-14.5,0.5
Wendell Carter Jr,120.0,-160.0,2.5,,,,,,,,,,,,,-12.5,
Zaccharie Risacher,135.0,-185.0,1.5,0.0,2.0,0.0,0.0,2.0,3.0,1.0,3.0,1.0,1.0,1.3,1.4,-16.166666666666668,-0.19999999999999996
Zach Edey,-165.0,125.0,0.5,2.0,0.0,0.0,2.0,0.0,1.0,1.0,0.0,0.0,1.0,0.7,0.6,-13.166666666666666,0.19999999999999996
Zach LaVine,-135.0,105.0,3.5,2.0,3.0,6.0,2.0,4.0,3.0,2.0,3.0,10.0,7.0,4.2,3.85,-8.833333333333334,0.7000000000000002
Ziaire Williams,-110.0,-118.0,1.5,,,,,,,,,,,,,-75.5,
description,,,,,,,,,,,,,,,,,
A.J. Lawson,-105.0,-130.0,10.5,7.0,6.0,13.0,0.0,0.0,2.0,0.0,6.0,3.0,,4.11,7.305,-74.83333333333333,-6.39
Aaron Nesmith,-148.0,-103.0,13.5,14.0,21.0,16.0,27.0,7.0,12.0,17.0,19.0,13.0,8.0,15.4,14.45,-79.16666666666667,1.9000000000000004
Aaron Wiggins,-115.0,-114.0,12.5,4.0,30.0,16.0,8.0,17.0,13.0,24.0,19.0,15.0,12.0,15.8,14.15,-72.16666666666667,3.3000000000000007
Al Horford,-115.0,-115.0,10.5,14.0,12.0,19.0,5.0,9.0,4.0,11.0,6.0,16.0,5.0,10.1,10.3,-73.16666666666667,-0.40000000000000036
Alex Caruso,-110.0,-120.0,6.5,8.0,17.0,0.0,10.0,5.0,5.0,11.0,8.0,2.0,12.0,7.8,7.15,-74.5,1.2999999999999998
Alex Sarr,-136.0,102.0,13.5,,,,,,,,,,,,,-6.833333333333333,
Alperen Sengun,-139.0,104.0,20.5,20.0,22.0,25.0,30.0,9.0,23.0,27.0,24.0,10.0,17.0,20.7,20.6,-4.833333333333333,0.1999999999999993
Andrew Nembhard,-159.0,-115.0,11.5,11.0,15.0,5.0,11.0,9.0,7.0,6.0,12.0,11.0,9.0,9.6,10.55,-87.5,-1.9000000000000004
Andrew Wiggins,-157.0,-112.0,18.5,22.0,15.0,23.0,20.0,25.0,13.0,11.0,25.0,17.0,27.0,19.8,19.15,-83.5,1.3000000000000007
Anfernee Simons,-148.0,-105.0,21.5,34.0,14.0,30.0,34.0,27.0,14.0,16.0,28.0,25.0,8.0,23.0,22.25,-77.16666666666667,1.5
Bam Adebayo,-150.0,110.0,20.5,22.0,29.0,34.0,19.0,30.0,18.0,20.0,14.0,24.0,19.0,22.9,21.7,-6.5,2.3999999999999986
Bilal Coulibaly,-167.0,100.0,13.5,18.0,11.0,3.0,17.0,16.0,20.0,11.0,7.0,3.0,10.0,11.6,12.55,-17.833333333333332,-1.9000000000000004
Bismack Biyombo,-150.0,107.0,5.5,10.0,5.0,13.0,2.0,6.0,4.0,10.0,10.0,2.0,8.0,7.0,6.25,-12.5,1.5
Bol Bol,-121.0,-110.0,7.5,6.0,5.0,2.0,9.0,25.0,15.0,23.0,5.0,8.0,5.0,10.3,8.9,-74.5,2.8000000000000007
Bradley Beal,-129.0,-105.0,17.5,19.0,11.0,0.0,18.0,24.0,30.0,25.0,19.0,25.0,25.0,19.6,18.55,-72.16666666666667,2.1000000000000014
Cameron Johnson,-129.0,-104.0,18.5,26.0,17.0,13.0,14.0,19.0,17.0,23.0,18.0,16.0,14.0,17.7,18.1,-71.5,-0.8000000000000007
Cameron Payne,-125.0,-105.0,5.5,5.0,3.0,5.0,5.0,3.0,4.0,7.0,5.0,3.0,10.0,5.0,5.25,-74.83333333333333,-0.5
Carlton Carrington,-152.0,100.0,11.5,8.0,12.0,14.0,11.0,8.0,5.0,13.0,8.0,18.0,10.0,10.7,11.1,-13.5,-0.8000000000000007
Cason Wallace,-130.0,-102.0,8.5,5.0,4.0,14.0,19.0,8.0,13.0,12.0,6.0,10.0,2.0,9.3,8.9,-74.5,0.8000000000000007
Chris Paul,-137.0,-102.0,7.5,7.0,9.0,11.0,6.0,8.0,4.0,12.0,4.0,3.0,13.0,7.7,7.6,-77.16666666666667,0.20000000000000018
Coby White,-165.0,-103.0,22.5,21.0,44.0,25.0,26.0,24.0,19.0,15.0,20.0,11.0,7.0,21.2,21.85,-81.83333333333333,-1.3000000000000007
Cole Anthony,-155.0,-110.0,12.5,22.0,20.0,7.0,11.0,6.0,5.0,17.0,17.0,13.0,7.0,12.5,12.5,-84.16666666666667,0.0
Corey Kispert,-118.0,-110.0,11.5,12.0,6.0,8.0,13.0,20.0,4.0,9.0,16.0,21.0,14.0,12.3,11.9,-72.16666666666667,0.8000000000000007
D'Angelo Russell,-167.0,-106.0,16.5,28.0,7.0,12.0,3.0,22.0,11.0,17.0,5.0,10.0,18.0,13.3,14.9,-85.5,-3.1999999999999993
Davion Mitchell,-122.0,-108.0,7.5,4.0,7.0,9.0,11.0,10.0,20.0,6.0,5.0,16.0,5.0,9.3,8.4,-74.16666666666667,1.8000000000000007
De'Aaron Fox,-141.0,105.0,20.5,22.0,16.0,15.0,20.0,20.0,7.0,15.0,13.0,27.0,26.0,18.1,19.3,-5.166666666666667,-2.3999999999999986
DeMar DeRozan,-125.0,-105.0,22.5,31.0,22.0,35.0,20.0,21.0,19.0,18.0,34.0,20.0,24.0,24.4,23.45,-69.16666666666667,1.8999999999999986
Deni Avdija,-129.0,-104.0,16.5,12.0,9.0,30.0,5.0,18.0,15.0,28.0,14.0,16.0,8.0,15.5,16.0,-72.16666666666667,-1.0
Derrick White,-130.0,-105.0,17.5,10.0,12.0,41.0,17.0,16.0,18.0,22.0,19.0,16.0,19.0,19.0,18.25,-72.5,1.5
Desmond Bane,-155.0,-105.0,24.5,30.0,27.0,15.0,35.0,24.0,25.0,7.0,16.0,23.0,23.0,22.5,23.5,-78.5,-2.0
Devin Booker,-136.0,102.0,27.5,24.0,34.0,17.0,17.0,17.0,36.0,28.0,31.0,29.0,17.0,25.0,26.25,-2.1666666666666665,-2.5
Devin Vassell,-148.0,108.0,17.5,13.0,10.0,37.0,15.0,20.0,9.0,20.0,5.0,6.0,13.0,14.8,16.15,-7.5,-2.6999999999999993
Dillon Brooks,-150.0,-105.0,12.5,27.0,14.0,13.0,12.0,19.0,16.0,9.0,8.0,7.0,18.0,14.3,13.4,-80.83333333333333,1.8000000000000007
Donovan Clingan,-135.0,100.0,7.5,3.0,8.0,2.0,13.0,4.0,12.0,4.0,7.0,8.0,6.0,6.7,7.1,-9.166666666666666,-0.7999999999999998
Draymond Green,-129.0,-104.0,10.5,12.0,7.0,8.0,16.0,13.0,12.0,15.0,13.0,6.0,13.0,11.5,11.0,-74.16666666666667,1.0
Duncan Robinson,-118.0,-110.0,11.5,12.0,15.0,14.0,17.0,10.0,20.0,24.0,3.0,3.0,14.0,13.2,12.35,-72.16666666666667,1.6999999999999993
Dyson Daniels,-159.0,-114.0,15.5,10.0,17.0,16.0,14.0,10.0,18.0,10.0,24.0,10.0,23.0,15.2,15.35,-85.83333333333333,-0.3000000000000007
Franz Wagner,-148.0,-105.0,23.5,18.0,18.0,28.0,25.0,27.0,19.0,23.0,25.0,25.0,16.0,22.4,22.95,-76.5,-1.1000000000000014
Fred VanVleet,-136.0,100.0,11.5,3.0,3.0,13.0,5.0,7.0,20.0,26.0,20.0,9.0,16.0,12.2,11.85,-8.166666666666666,0.6999999999999993
Harrison Barnes,-132.0,100.0,9.5,15.0,12.0,9.0,14.0,5.0,3.0,15.0,13.0,0.0,8.0,9.4,9.45,-7.5,-0.09999999999999964
Immanuel Quickley,-143.0,-105.0,19.5,34.0,15.0,24.0,23.0,18.0,10.0,23.0,23.0,15.0,23.0,20.8,20.15,-76.16666666666667,1.3000000000000007
Isaiah Collier,-141.0,105.0,12.5,13.0,6.0,19.0,11.0,11.0,11.0,9.0,6.0,12.0,9.0,10.7,11.6,-7.833333333333333,-1.8000000000000007
Isaiah Hartenstein,-135.0,100.0,10.5,10.0,10.0,8.0,10.0,13.0,13.0,4.0,12.0,8.0,10.0,9.8,10.15,-8.166666666666666,-0.6999999999999993
Isaiah Joe,-110.0,-120.0,6.5,5.0,16.0,8.0,12.0,0.0,9.0,6.0,15.0,1.0,10.0,8.2,7.35,-74.5,1.6999999999999993
Ja Morant,-159.0,-102.0,26.5,32.0,31.0,24.0,25.0,29.0,21.0,23.0,12.0,26.0,16.0,23.9,25.2,-78.16666666666667,-2.6000000000000014
Jabari Smith Jr,-155.0,100.0,12.5,,,,,,,,,,,,,-14.166666666666666,
Jalen Green,-148.0,108.0,21.5,14.0,9.0,12.0,18.0,24.0,21.0,25.0,25.0,35.0,9.0,19.2,20.35,-6.166666666666667,-2.3000000000000007
Jalen Williams,-134.0,100.0,23.5,26.0,20.0,24.0,41.0,20.0,22.0,27.0,18.0,18.0,20.0,23.6,23.55,-3.5,0.10000000000000142
Jamal Shead,-130.0,100.0,8.5,11.0,8.0,8.0,12.0,5.0,0.0,6.0,6.0,9.0,2.0,6.7,7.6,-7.166666666666667,-1.7999999999999998
Jared Rhoden,-130.0,100.0,8.5,13.0,14.0,4.0,0.0,0.0,0.0,0.0,4.0,,,4.38,6.4399999999999995,-7.166666666666667,-4.12
Jaylen Brown,-125.0,-105.0,26.5,31.0,18.0,22.0,37.0,24.0,24.0,20.0,12.0,25.0,16.0,22.9,24.7,-67.83333333333333,-3.6000000000000014
Jaylen Wells,-125.0,-105.0,11.5,9.0,5.0,3.0,12.0,18.0,3.0,19.0,14.0,7.0,17.0,10.7,11.1,-72.83333333333333,-0.8000000000000007
Jayson Tatum,-120.0,-110.0,27.5,40.0,35.0,16.0,46.0,27.0,19.0,25.0,15.0,32.0,33.0,28.8,28.15,-67.5,1.3000000000000007
Jerami Grant,-132.0,100.0,13.5,25.0,4.0,15.0,20.0,8.0,3.0,14.0,12.0,20.0,14.0,13.5,13.5,-6.166666666666667,0.0
Jimmy Butler,-143.0,108.0,20.5,26.0,25.0,19.0,13.0,5.0,6.0,18.0,17.0,19.0,21.0,16.9,18.7,-4.833333333333333,-3.6000000000000014
Jonas Valanciunas,-120.0,-110.0,12.5,9.0,15.0,19.0,14.0,15.0,15.0,6.0,6.0,4.0,5.0,10.8,11.65,-72.5,-1.6999999999999993
Jordan Poole,-141.0,-102.0,22.5,34.0,24.0,26.0,16.0,11.0,42.0,16.0,21.0,45.0,19.0,25.4,23.95,-73.5,2.8999999999999986
Josh Giddey,-141.0,106.0,18.5,26.0,19.0,18.0,19.0,21.0,25.0,24.0,27.0,17.0,11.0,20.7,19.6,-5.5,2.1999999999999993
Josh Green,-130.0,-105.0,5.5,0.0,3.0,2.0,13.0,7.0,6.0,3.0,4.0,19.0,4.0,6.1,5.8,-76.5,0.5999999999999996
Josh Hart,-143.0,-105.0,14.5,14.0,18.0,2.0,14.0,12.0,7.0,20.0,18.0,30.0,17.0,15.2,14.85,-77.83333333333333,0.6999999999999993
Jrue Holiday,-110.0,-120.0,11.5,7.0,4.0,14.0,8.0,6.0,9.0,4.0,6.0,8.0,17.0,8.3,9.9,-72.83333333333333,-3.1999999999999993
Karl-Anthony Towns,-155.0,-109.0,26.5,23.0,12.0,19.0,11.0,24.0,23.0,32.0,44.0,40.0,9.0,23.7,25.1,-79.16666666666667,-2.8000000000000007
Keegan Murray,-125.0,-105.0,11.5,15.0,19.0,6.0,18.0,13.0,26.0,10.0,13.0,13.0,6.0,13.9,12.7,-72.83333333333333,2.4000000000000004
Kel'el Ware,-139.0,100.0,9.5,7.0,12.0,8.0,12.0,8.0,12.0,4.0,17.0,7.0,8.0,9.5,9.5,-9.833333333333334,0.0
Kentavious Caldwell-Pope,-150.0,110.0,8.5,9.0,19.0,12.0,12.0,0.0,9.0,5.0,9.0,6.0,2.0,8.3,8.4,-10.5,-0.1999999999999993
Keon Johnson,-152.0,112.0,11.5,1.0,12.0,8.0,10.0,10.0,16.0,9.0,11.0,16.0,6.0,9.9,10.7,-9.5,-1.5999999999999996
Kevin Durant,-139.0,104.0,26.5,21.0,29.0,34.0,26.0,17.0,28.0,26.0,15.0,27.0,22.0,24.5,25.5,-2.8333333333333335,-2.0
Keyonte George,-143.0,107.0,18.5,25.0,18.0,12.0,28.0,5.0,11.0,21.0,30.0,20.0,13.0,18.3,18.4,-5.833333333333333,-0.1999999999999993
Klay Thompson,-148.0,108.0,18.5,26.0,15.0,28.0,3.0,16.0,18.0,22.0,11.0,12.0,17.0,16.8,17.65,-7.166666666666667,-1.6999999999999993
Kyle Filipowski,-122.0,-109.0,11.5,25.0,17.0,23.0,25.0,12.0,11.0,9.0,20.0,8.0,12.0,16.2,13.85,-73.16666666666667,4.699999999999999
Kyshawn George,-160.0,100.0,10.5,5.0,23.0,10.0,8.0,7.0,12.0,9.0,4.0,14.0,11.0,10.3,10.4,-16.5,-0.1999999999999993
LaMelo Ball,-167.0,100.0,23.5,13.0,28.0,25.0,20.0,13.0,5.0,27.0,5.0,24.0,7.0,16.7,20.1,-14.5,-6.800000000000001
Luguentz Dort,-130.0,-103.0,8.5,6.0,3.0,11.0,9.0,20.0,3.0,5.0,4.0,6.0,14.0,8.1,8.3,-74.83333333333333,-0.40000000000000036
Luka Doncic,-150.0,-103.0,30.5,34.0,32.0,30.0,29.0,31.0,21.0,19.0,32.0,14.0,16.0,25.8,28.15,-74.16666666666667,-4.699999999999999
Malik Monk,-130.0,100.0,17.5,13.0,16.0,13.0,13.0,13.0,24.0,17.0,17.0,13.0,21.0,16.0,16.75,-4.166666666666667,-1.5
Mark Williams,-143.0,100.0,13.5,12.0,12.0,24.0,26.0,12.0,10.0,10.0,6.0,23.0,20.0,15.5,14.5,-9.833333333333334,2.0
Matas Buzelis,-165.0,-112.0,14.5,13.0,11.0,17.0,18.0,10.0,5.0,17.0,15.0,5.0,11.0,12.2,13.35,-87.5,-2.3000000000000007
Max Christie,-130.0,100.0,14.5,12.0,8.0,13.0,10.0,5.0,8.0,10.0,2.0,16.0,19.0,10.3,12.4,-5.166666666666667,-4.199999999999999
Mikal Bridges,-139.0,104.0,18.5,22.0,6.0,15.0,5.0,15.0,28.0,14.0,14.0,13.0,11.0,14.3,16.4,-5.5,-4.199999999999999
Miles Bridges,-137.0,104.0,23.5,26.0,46.0,23.0,35.0,18.0,20.0,9.0,23.0,17.0,36.0,25.3,24.4,-3.1666666666666665,1.8000000000000007
Miles McBride,-135.0,100.0,12.5,7.0,0.0,6.0,12.0,17.0,6.0,2.0,5.0,23.0,0.0,7.8,10.15,-7.5,-4.7
Moses Moody,-150.0,104.0,11.5,12.0,10.0,9.0,5.0,10.0,10.0,13.0,14.0,22.0,10.0,11.5,11.5,-11.5,0.0
Mouhamed Gueye,-115.0,-115.0,7.5,6.0,4.0,15.0,2.0,5.0,9.0,2.0,2.0,2.0,9.0,5.6,6.55,-74.16666666666667,-1.9000000000000004
Myles Turner,-155.0,-103.0,16.5,14.0,17.0,16.0,16.0,22.0,18.0,23.0,17.0,17.0,0.0,16.0,16.25,-80.5,-0.5
Nick Richards,-139.0,-102.0,9.5,14.0,18.0,16.0,4.0,19.0,10.0,6.0,10.0,15.0,3.0,11.5,10.5,-77.16666666666667,2.0
Nicolas Claxton,-127.0,-105.0,10.5,,,,,,,,,,,,,-73.83333333333333,
Nikola Jokic,-136.0,102.0,25.5,24.0,31.0,22.0,20.0,23.0,32.0,18.0,12.0,29.0,26.0,23.7,24.6,-2.8333333333333335,-1.8000000000000007
Nikola Vucevic,-132.0,100.0,16.5,16.0,21.0,21.0,8.0,10.0,10.0,12.0,20.0,21.0,6.0,14.5,15.5,-5.166666666666667,-2.0
OG Anunoby,-128.0,-104.0,16.5,11.0,20.0,29.0,23.0,19.0,16.0,10.0,5.0,13.0,23.0,16.9,16.7,-71.83333333333333,0.3999999999999986
Onyeka Okongwu,-167.0,-107.0,15.5,16.0,20.0,6.0,16.0,23.0,13.0,17.0,16.0,11.0,21.0,15.9,15.7,-86.16666666666667,0.40000000000000036
Orlando Robinson,-143.0,100.0,8.5,7.0,7.0,2.0,6.0,12.0,8.0,4.0,10.0,9.0,6.0,7.1,7.8,-11.5,-1.4000000000000004
P.J. Washington,-167.0,-105.0,15.5,4.0,0.0,17.0,24.0,6.0,22.0,25.0,19.0,17.0,22.0,15.6,15.55,-85.5,0.09999999999999964
Paolo Banchero,-148.0,110.0,24.5,29.0,20.0,41.0,23.0,41.0,26.0,19.0,21.0,36.0,24.0,28.0,26.25,-4.5,3.5
Pascal Siakam,-132.0,-103.0,23.5,23.0,35.0,18.0,20.0,36.0,15.0,19.0,12.0,16.0,15.0,20.9,22.2,-70.5,-2.6000000000000014
Precious Achiuwa,115.0,-150.0,6.5,9.0,8.0,3.0,7.0,0.0,7.0,11.0,26.0,9.0,3.0,8.3,7.4,-9.5,1.8000000000000007
R.J. Barrett,-159.0,-109.0,21.5,,,,,,,,,,,,,-82.16666666666667,
Scottie Barnes,-132.0,100.0,20.5,18.0,22.0,17.0,10.0,24.0,21.0,20.0,13.0,16.0,33.0,19.4,19.95,-3.8333333333333335,-1.1000000000000014
Shai Gilgeous-Alexander,-162.0,-104.0,33.5,40.0,41.0,51.0,31.0,31.0,27.0,39.0,37.0,21.0,24.0,34.2,33.85,-77.5,0.7000000000000028
Stephen Curry,-167.0,-102.0,28.5,32.0,40.0,28.0,21.0,29.0,56.0,15.0,30.0,20.0,27.0,29.8,29.15,-80.16666666666667,1.3000000000000007
Tari Eason,-130.0,100.0,12.5,12.0,20.0,16.0,14.0,12.0,12.0,25.0,8.0,10.0,12.0,14.1,13.3,-5.833333333333333,1.5999999999999996
Toumani Camara,-159.0,-115.0,11.5,7.0,7.0,12.0,11.0,19.0,19.0,11.0,8.0,20.0,19.0,13.3,12.4,-87.5,1.8000000000000007
Trae Young,-150.0,-108.0,27.5,36.0,22.0,28.0,12.0,19.0,17.0,11.0,38.0,38.0,38.0,25.9,26.7,-76.83333333333333,-1.6000000000000014
Tre Jones,-157.0,-110.0,10.5,15.0,20.0,9.0,11.0,10.0,16.0,4.0,4.0,5.0,15.0,10.9,10.7,-85.5,0.40000000000000036
Tyler Herro,-159.0,-105.0,23.5,21.0,22.0,16.0,22.0,29.0,24.0,11.0,40.0,28.0,40.0,25.3,24.4,-80.16666666666667,1.8000000000000007
Tyrese Haliburton,-141.0,100.0,19.5,28.0,17.0,19.0,33.0,19.0,29.0,22.0,20.0,16.0,19.0,22.2,20.85,-7.166666666666667,2.6999999999999993
Tyrese Maxey,-120.0,-110.0,23.5,5.0,5.0,30.0,13.0,31.0,16.0,5.0,39.0,27.0,31.0,20.2,21.85,-68.83333333333333,-3.3000000000000007
Vincent Williams Jr,-167.0,-114.0,11.5,,,,,,,,,,,,,-89.83333333333333,
Walker Kessler,-132.0,100.0,12.5,18.0,14.0,9.0,25.0,11.0,4.0,16.0,13.0,19.0,15.0,14.4,13.45,-6.5,1.9000000000000004
Wendell Carter Jr,-159.0,116.0,9.5,,,,,,,,,,,,,-11.166666666666666,
Zaccharie Risacher,-130.0,-103.0,12.5,6.0,11.0,7.0,27.0,12.0,11.0,2.0,19.0,11.0,16.0,12.2,12.35,-73.5,-0.3000000000000007
Zach Edey,-143.0,100.0,9.5,6.0,8.0,6.0,15.0,17.0,10.0,8.0,6.0,2.0,5.0,8.3,8.9,-11.166666666666666,-1.1999999999999993
Zach LaVine,-125.0,-105.0,22.5,30.0,36.0,20.0,22.0,20.0,22.0,42.0,13.0,32.0,23.0,26.0,24.25,-69.16666666666667,3.5
Ziaire Williams,-132.0,100.0,10.5,,,,,,,,,,,,,-7.166666666666667,
description,,,,,,,,,,,,,,,,,
