player,best_over_odds,best_under_odds,best_point,game 1,game 2,game 3,game 4,game 5,game 6,game 7,game 8,game 9,game 10,average,projection,recent_form,edge,Category,AI_Projection,AI_Edge
A.J. Lawson,125.0,-165.0,4.5,3.0,3.0,2.0,0.0,1.0,0.0,1.0,2.0,0.0,,1.33,2.915,-11.833333333333334,-3.17,Unknown,2.9259500000000007,-1.5740499999999993
Aaron Nesmith,-140.0,-105.0,4.5,1.0,3.0,5.0,5.0,6.0,5.0,4.0,6.0,7.0,1.0,4.3,4.4,-80.16666666666667,-0.2000000000000001,Unknown,4.395999999999995,-0.10400000000000542
Aaron Wiggins,-158.0,110.0,3.5,7.0,5.0,1.0,7.0,3.0,6.0,5.0,7.0,0.0,3.0,4.4,3.95,-14.833333333333334,0.9000000000000004,Unknown,3.9464999999999937,0.4464999999999937
Al Horford,-110.0,-125.0,7.5,9.0,9.0,8.0,7.0,10.0,3.0,4.0,10.0,10.0,8.0,7.8,7.65,-75.83333333333333,0.2999999999999998,Unknown,7.612999999999997,0.11299999999999688
Alex Caruso,-118.0,-110.0,2.5,2.0,1.0,3.0,1.0,2.0,4.0,7.0,3.0,1.0,2.0,2.6,2.55,-75.16666666666667,0.1,Unknown,2.5335000000000023,0.033500000000002306
Alperen Sengun,-127.0,-106.0,10.5,5.0,6.0,9.0,10.0,11.0,11.0,12.0,13.0,13.0,13.0,10.3,10.4,-74.16666666666667,-0.1999999999999993,Unknown,10.323049999999988,-0.17695000000001215
Andrew Nembhard,-135.0,102.0,3.5,5.0,1.0,6.0,2.0,3.0,0.0,2.0,5.0,3.0,3.0,3.0,3.25,-9.833333333333334,-0.5,Unknown,3.2499999999999987,-0.25000000000000133
Andrew Wiggins,-110.0,-120.0,4.5,3.0,2.0,4.0,6.0,8.0,4.0,5.0,2.0,8.0,4.0,4.6,4.55,-75.16666666666667,0.0999999999999996,Unknown,4.537500000000006,0.03750000000000586
Anfernee Simons,-167.0,120.0,2.5,2.0,5.0,1.0,4.0,2.0,3.0,4.0,2.0,3.0,4.0,3.0,2.75,-14.833333333333334,0.5,Unknown,2.748,0.24800000000000022
Bam Adebayo,-140.0,100.0,10.5,6.0,13.0,12.0,15.0,7.0,7.0,9.0,5.0,7.0,12.0,9.3,9.9,-9.833333333333334,-1.1999999999999993,Unknown,9.77149999999999,-0.7285000000000093
Bilal Coulibaly,-115.0,-115.0,5.5,10.0,5.0,3.0,7.0,2.0,5.0,2.0,5.0,5.0,3.0,4.7,5.1,-74.83333333333333,-0.7999999999999998,Unknown,5.061500000000008,-0.43849999999999234
Bismack Biyombo,100.0,-132.0,6.5,4.0,4.0,14.0,4.0,3.0,3.0,12.0,10.0,2.0,3.0,5.9,6.2,-8.5,-0.5999999999999996,Unknown,6.207000000000004,-0.2929999999999957
Bol Bol,-165.0,125.0,4.5,5.0,5.0,1.0,11.0,3.0,6.0,8.0,3.0,2.0,4.0,4.8,4.65,-11.833333333333334,0.2999999999999998,Unknown,4.651999999999992,0.15199999999999214
Bradley Beal,-115.0,-115.0,3.5,3.0,1.0,2.0,4.0,5.0,4.0,6.0,9.0,3.0,5.0,4.2,3.85,-75.5,0.7000000000000002,Unknown,3.8480000000000047,0.34800000000000475
Cameron Johnson,-162.0,114.0,3.5,6.0,3.0,4.0,4.0,3.0,4.0,4.0,3.0,6.0,5.0,4.2,3.85,-14.833333333333334,0.7000000000000002,Unknown,3.8460000000000054,0.3460000000000054
Cameron Payne,-210.0,160.0,0.5,2.0,2.0,1.0,1.0,2.0,1.0,1.0,0.0,2.0,3.0,1.5,1.0,-16.5,1.0,Unknown,1.0745000000000007,0.5745000000000007
Carlton Carrington,-115.0,-115.0,4.5,2.0,5.0,5.0,5.0,8.0,1.0,5.0,3.0,8.0,4.0,4.6,4.55,-75.16666666666667,0.0999999999999996,Unknown,4.537500000000006,0.03750000000000586
Cason Wallace,-175.0,135.0,3.5,0.0,4.0,5.0,3.0,3.0,3.0,6.0,2.0,3.0,0.0,2.9,3.2,-12.166666666666666,-0.6000000000000001,Unknown,3.207649999999995,-0.2923500000000052
Chris Paul,100.0,-134.0,3.5,1.0,4.0,0.0,3.0,3.0,1.0,0.0,3.0,0.0,5.0,2.0,2.75,-10.166666666666666,-1.5,Unknown,2.8180000000000005,-0.6819999999999995
Coby White,-136.0,100.0,3.5,3.0,5.0,4.0,7.0,4.0,1.0,5.0,4.0,2.0,4.0,3.9,3.7,-10.833333333333334,0.3999999999999999,Unknown,3.7009999999999947,0.20099999999999474
Cole Anthony,-122.0,-108.0,3.5,4.0,4.0,1.0,7.0,5.0,1.0,9.0,5.0,6.0,1.0,4.3,3.9,-75.5,0.7999999999999998,Unknown,3.9064999999999954,0.4064999999999954
Corey Kispert,-110.0,-120.0,3.5,1.0,3.0,2.0,5.0,3.0,3.0,1.0,2.0,4.0,2.0,2.6,3.05,-75.5,-0.8999999999999999,Unknown,3.0856500000000024,-0.41434999999999755
D'Angelo Russell,-130.0,-104.0,2.5,6.0,0.0,1.0,0.0,5.0,3.0,2.0,0.0,4.0,1.0,2.2,2.35,-77.16666666666667,-0.2999999999999998,Unknown,2.345999999999997,-0.15400000000000302
Davion Mitchell,124.0,-160.0,2.5,3.0,4.0,1.0,4.0,3.0,0.0,1.0,4.0,2.0,0.0,2.2,2.35,-11.166666666666666,-0.2999999999999998,Unknown,2.3509999999999973,-0.14900000000000269
De'Aaron Fox,-150.0,100.0,4.5,2.0,4.0,3.0,4.0,3.0,3.0,3.0,7.0,5.0,9.0,4.3,4.4,-15.166666666666666,-0.2000000000000001,Unknown,4.389499999999996,-0.1105000000000036
DeMar DeRozan,-166.0,130.0,3.5,7.0,9.0,6.0,2.0,2.0,6.0,7.0,4.0,4.0,4.0,5.1,4.3,-10.833333333333334,1.5999999999999996,Unknown,4.642500000000007,1.1425000000000072
Deni Avdija,-110.0,-121.0,6.5,6.0,6.0,12.0,2.0,14.0,4.0,4.0,5.0,6.0,3.0,6.2,6.35,-74.83333333333333,-0.2999999999999998,Unknown,6.339500000000006,-0.16049999999999365
Derrick White,-152.0,105.0,3.5,5.0,3.0,3.0,3.0,1.0,3.0,3.0,9.0,10.0,7.0,4.7,4.1,-14.5,1.2000000000000002,Unknown,4.198500000000004,0.6985000000000037
Desmond Bane,-112.0,-120.0,6.5,9.0,16.0,6.0,10.0,12.0,3.0,5.0,7.0,5.0,6.0,7.9,7.2,-75.16666666666667,1.4000000000000004,Unknown,7.2195,0.7195
Devin Booker,-150.0,100.0,3.5,3.0,6.0,5.0,4.0,0.0,7.0,3.0,4.0,4.0,2.0,3.8,3.65,-15.5,0.2999999999999998,Unknown,3.649999999999996,0.14999999999999591
Devin Vassell,-115.0,-115.0,4.5,4.0,2.0,11.0,3.0,6.0,5.0,5.0,3.0,1.0,2.0,4.2,4.35,-75.16666666666667,-0.2999999999999998,Unknown,4.348000000000006,-0.15199999999999392
Dillon Brooks,-145.0,105.0,3.5,4.0,4.0,4.0,1.0,4.0,8.0,9.0,6.0,0.0,2.0,4.2,3.85,-12.166666666666666,0.7000000000000002,Unknown,3.8470000000000044,0.3470000000000044
Donovan Clingan,100.0,-135.0,9.5,9.0,12.0,7.0,13.0,3.0,7.0,8.0,13.0,5.0,6.0,8.3,8.9,-8.5,-1.1999999999999993,Unknown,8.950499999999987,-0.5495000000000125
Draymond Green,-152.0,100.0,7.5,9.0,7.0,9.0,12.0,8.0,10.0,6.0,4.0,8.0,4.0,7.7,7.6,-14.833333333333334,0.2000000000000001,Unknown,7.569499999999998,0.0694999999999979
Duncan Robinson,-158.0,105.0,2.5,1.0,4.0,3.0,3.0,3.0,2.0,5.0,3.0,4.0,3.0,3.1,2.8,-16.833333333333332,0.6000000000000001,Unknown,2.804000000000004,0.3040000000000038
Dyson Daniels,-132.0,100.0,5.5,6.0,4.0,9.0,3.0,4.0,5.0,11.0,5.0,11.0,4.0,6.2,5.85,-8.833333333333334,0.7000000000000002,Unknown,5.859500000000006,0.3595000000000059
Franz Wagner,-115.0,-115.0,5.5,7.0,2.0,5.0,4.0,2.0,5.0,7.0,6.0,7.0,7.0,5.2,5.35,-74.83333333333333,-0.2999999999999998,Unknown,5.326000000000006,-0.17399999999999416
Fred VanVleet,120.0,-154.0,3.5,5.0,0.0,1.0,4.0,5.0,3.0,3.0,5.0,4.0,1.0,3.1,3.3,-10.166666666666666,-0.3999999999999999,Unknown,3.2995000000000028,-0.20049999999999724
Harrison Barnes,-135.0,100.0,3.5,2.0,2.0,2.0,1.0,0.0,1.0,5.0,4.0,3.0,4.0,2.4,2.95,-10.5,-1.1,Unknown,3.0284999999999958,-0.47150000000000425
Immanuel Quickley,-152.0,114.0,4.5,5.0,4.0,2.0,5.0,2.0,6.0,6.0,7.0,2.0,3.0,4.2,4.35,-11.166666666666666,-0.2999999999999998,Unknown,4.337000000000006,-0.16299999999999404
Isaiah Collier,-132.0,100.0,3.5,5.0,3.0,6.0,3.0,2.0,3.0,3.0,3.0,4.0,3.0,3.5,3.5,-9.5,0.0,Unknown,3.4939999999999993,-0.0060000000000006715
Isaiah Hartenstein,-143.0,108.0,10.5,11.0,15.0,5.0,11.0,10.0,2.0,5.0,9.0,13.0,12.0,9.3,9.9,-8.166666666666666,-1.1999999999999993,Unknown,9.769499999999988,-0.7305000000000117
Isaiah Joe,-135.0,100.0,1.5,0.0,6.0,3.0,0.0,2.0,3.0,1.0,5.0,1.0,3.0,2.4,1.95,-11.166666666666666,0.8999999999999999,Unknown,1.8594999999999988,0.3594999999999988
Ja Morant,105.0,-135.0,4.5,4.0,4.0,3.0,4.0,4.0,2.0,4.0,0.0,7.0,5.0,3.7,4.1,-8.5,-0.7999999999999998,Unknown,4.095500000000005,-0.4044999999999952
Jalen Green,-106.0,-125.0,4.5,7.0,2.0,4.0,6.0,2.0,7.0,8.0,3.0,5.0,0.0,4.4,4.45,-75.5,-0.0999999999999996,Unknown,4.4379999999999935,-0.062000000000006494
Jalen Williams,-154.0,120.0,5.5,9.0,5.0,4.0,6.0,5.0,5.0,6.0,3.0,9.0,3.0,5.5,5.5,-9.5,0.0,Unknown,5.475999999999998,-0.024000000000001798
Jamal Shead,-185.0,135.0,1.5,5.0,2.0,1.0,2.0,2.0,1.0,2.0,1.0,2.0,0.0,1.8,1.65,-16.166666666666668,0.3,Unknown,1.647500000000002,0.14750000000000196
Jaylen Brown,-110.0,-120.0,5.5,6.0,8.0,5.0,5.0,5.0,8.0,6.0,3.0,5.0,9.0,6.0,5.75,-74.83333333333333,0.5,Unknown,5.747999999999999,0.24799999999999933
Jaylen Wells,105.0,-140.0,3.5,7.0,5.0,5.0,2.0,2.0,1.0,5.0,4.0,3.0,4.0,3.8,3.65,-10.5,0.2999999999999998,Unknown,3.641999999999996,0.1419999999999959
Jayson Tatum,-145.0,114.0,8.5,12.0,7.0,11.0,16.0,6.0,6.0,10.0,11.0,14.0,8.0,10.1,9.3,-7.5,1.5999999999999996,Unknown,9.276499999999984,0.7764999999999844
Jerami Grant,-103.0,-130.0,3.5,2.0,5.0,6.0,4.0,9.0,2.0,2.0,4.0,2.0,5.0,4.1,3.8,-76.5,0.5999999999999996,Unknown,3.810500000000005,0.3105000000000051
Jimmy Butler,-115.0,-114.0,5.5,9.0,2.0,4.0,3.0,4.0,8.0,3.0,3.0,8.0,9.0,5.3,5.4,-74.5,-0.2000000000000001,Unknown,5.410499999999993,-0.08950000000000724
Jonas Valanciunas,-135.0,105.0,10.5,17.0,12.0,13.0,9.0,14.0,7.0,8.0,2.0,2.0,4.0,8.8,9.65,-6.5,-1.6999999999999993,Unknown,9.611999999999988,-0.8880000000000123
Jordan Poole,-145.0,100.0,3.5,2.0,5.0,4.0,3.0,2.0,5.0,6.0,5.0,4.0,3.0,3.9,3.7,-13.833333333333334,0.3999999999999999,Unknown,3.7004999999999946,0.20049999999999457
Josh Giddey,-135.0,104.0,8.5,10.0,13.0,9.0,8.0,8.0,16.0,8.0,16.0,2.0,6.0,9.6,9.05,-7.5,1.0999999999999996,Unknown,9.079999999999988,0.5799999999999876
Josh Green,112.0,-145.0,2.5,4.0,3.0,1.0,4.0,2.0,1.0,0.0,2.0,3.0,3.0,2.3,2.4,-10.166666666666666,-0.2000000000000001,Unknown,2.4050000000000016,-0.09499999999999842
Josh Hart,-145.0,100.0,10.5,20.0,10.0,8.0,7.0,4.0,17.0,11.0,10.0,10.0,8.0,10.5,10.5,-11.5,0.0,Unknown,10.489499999999998,-0.010500000000002174
Jrue Holiday,112.0,-148.0,4.5,5.0,2.0,4.0,1.0,6.0,5.0,3.0,7.0,5.0,3.0,4.1,4.3,-10.5,-0.4000000000000003,Unknown,4.298500000000005,-0.2014999999999949
Karl-Anthony Towns,-130.0,100.0,12.5,10.0,14.0,16.0,7.0,18.0,7.0,18.0,10.0,12.0,9.0,12.1,12.3,-5.833333333333333,-0.4000000000000003,Unknown,12.292999999999983,-0.20700000000001673
Keegan Murray,-125.0,-106.0,5.5,6.0,9.0,3.0,5.0,5.0,6.0,5.0,5.0,8.0,7.0,5.9,5.7,-75.16666666666667,0.4000000000000003,Unknown,5.695499999999998,0.19549999999999823
Kel'el Ware,-110.0,-120.0,9.5,12.0,8.0,12.0,8.0,15.0,12.0,6.0,9.0,6.0,7.0,9.5,9.5,-73.5,0.0,Unknown,9.412000000000003,-0.08799999999999741
Kentavious Caldwell-Pope,128.0,-166.0,2.5,3.0,4.0,2.0,3.0,2.0,0.0,1.0,2.0,4.0,3.0,2.4,2.45,-11.833333333333334,-0.1,Unknown,2.451999999999996,-0.04800000000000404
Keon Johnson,-157.0,107.0,4.5,3.0,1.0,7.0,8.0,6.0,3.0,2.0,4.0,4.0,5.0,4.3,4.4,-15.166666666666666,-0.2000000000000001,Unknown,4.389499999999996,-0.1105000000000036
Kevin Durant,-143.0,100.0,5.5,9.0,9.0,7.0,10.0,2.0,5.0,8.0,4.0,10.0,5.0,6.9,6.2,-12.5,1.4000000000000004,Unknown,6.2035,0.7035
Keyonte George,-125.0,-105.0,3.5,6.0,6.0,3.0,3.0,4.0,3.0,5.0,8.0,3.0,4.0,4.5,4.0,-75.5,1.0,Unknown,3.998499999999999,0.49849999999999905
Klay Thompson,-160.0,114.0,3.5,5.0,4.0,4.0,3.0,2.0,2.0,8.0,2.0,3.0,7.0,4.0,3.75,-14.166666666666666,0.5,Unknown,3.7364999999999986,0.2364999999999986
Kyle Filipowski,-158.0,116.0,5.5,7.0,5.0,13.0,8.0,11.0,13.0,1.0,11.0,2.0,3.0,7.4,6.45,-12.166666666666666,1.9000000000000004,Unknown,6.356000000000003,0.8560000000000034
Kyshawn George,-115.0,-115.0,5.5,6.0,7.0,8.0,4.0,5.0,3.0,2.0,9.0,9.0,7.0,6.0,5.75,-74.83333333333333,0.5,Unknown,5.747999999999999,0.24799999999999933
LaMelo Ball,-200.0,120.0,5.5,1.0,10.0,9.0,7.0,6.0,4.0,5.0,1.0,4.0,0.0,4.7,5.1,-24.833333333333332,-0.7999999999999998,Unknown,5.061500000000008,-0.43849999999999234
Luguentz Dort,-108.0,-120.0,3.5,6.0,4.0,0.0,9.0,4.0,1.0,3.0,3.0,2.0,3.0,3.5,3.5,-74.83333333333333,0.0,Unknown,3.505,0.004999999999999893
Luka Doncic,-150.0,-110.0,9.5,8.0,7.0,8.0,6.0,2.0,13.0,15.0,10.0,11.0,4.0,8.4,8.95,-83.5,-1.0999999999999996,Unknown,8.911100000000008,-0.5888999999999918
Malik Monk,-145.0,105.0,3.5,1.0,5.0,9.0,4.0,0.0,6.0,4.0,3.0,4.0,7.0,4.3,3.9,-12.166666666666666,0.7999999999999998,Unknown,3.9069999999999947,0.4069999999999947
Mark Williams,-144.0,102.0,9.5,8.0,13.0,12.0,16.0,12.0,5.0,9.0,5.0,14.0,15.0,10.9,10.2,-10.833333333333334,1.4000000000000004,Unknown,10.25900000000001,0.7590000000000092
Matas Buzelis,100.0,-130.0,5.5,5.0,5.0,7.0,6.0,4.0,4.0,3.0,3.0,7.0,1.0,4.5,5.0,-8.166666666666666,-1.0,Unknown,4.847000000000003,-0.6529999999999969
Max Christie,-140.0,100.0,4.5,3.0,5.0,2.0,5.0,2.0,4.0,1.0,4.0,4.0,5.0,3.5,4.0,-11.833333333333334,-1.0,Unknown,3.9690000000000003,-0.5309999999999997
Mikal Bridges,120.0,-154.0,3.5,4.0,3.0,4.0,4.0,2.0,2.0,0.0,1.0,10.0,3.0,3.3,3.4,-10.166666666666666,-0.2000000000000001,Unknown,3.3799999999999994,-0.12000000000000055
Miles Bridges,-115.0,-115.0,7.5,12.0,8.0,9.0,9.0,7.0,12.0,7.0,6.0,3.0,13.0,8.6,8.05,-74.16666666666667,1.0999999999999996,Unknown,8.13049999999999,0.6304999999999907
Miles McBride,-165.0,124.0,2.5,2.0,5.0,4.0,2.0,4.0,2.0,2.0,3.0,6.0,0.0,3.0,2.75,-12.833333333333334,0.5,Unknown,2.7475,0.24750000000000005
Moses Moody,-152.0,108.0,3.5,7.0,5.0,4.0,5.0,2.0,1.0,1.0,4.0,2.0,6.0,3.7,3.6,-13.5,0.2000000000000001,Unknown,3.5565000000000015,0.05650000000000155
Mouhamed Gueye,-136.0,102.0,3.5,0.0,5.0,5.0,1.0,1.0,3.0,2.0,2.0,3.0,1.0,2.3,2.9,-10.166666666666666,-1.2000000000000002,Unknown,2.9295,-0.5705
Myles Turner,102.0,-136.0,7.5,6.0,9.0,4.0,6.0,3.0,10.0,2.0,6.0,10.0,0.0,5.6,6.55,-8.833333333333334,-1.9000000000000004,Unknown,6.4828,-1.0171999999999999
Nick Richards,-105.0,-127.0,8.5,9.0,5.0,7.0,8.0,12.0,16.0,4.0,8.0,10.0,6.0,8.5,8.5,-74.5,0.0,Unknown,8.588999999999997,0.08899999999999686
Nikola Jokic,-125.0,-105.0,13.5,13.0,21.0,15.0,14.0,17.0,14.0,9.0,13.0,17.0,15.0,14.8,14.15,-72.16666666666667,1.3000000000000007,Unknown,14.231999999999994,0.731999999999994
Nikola Vucevic,-132.0,100.0,9.5,11.0,9.0,14.0,7.0,4.0,11.0,11.0,11.0,12.0,11.0,10.1,9.8,-7.5,0.5999999999999996,Unknown,9.83449999999999,0.3344999999999896
OG Anunoby,-120.0,-110.0,4.5,8.0,4.0,3.0,9.0,3.0,9.0,2.0,0.0,1.0,4.0,4.3,4.4,-75.16666666666667,-0.2000000000000001,Unknown,4.394999999999997,-0.10500000000000309
Onyeka Okongwu,-148.0,112.0,10.5,16.0,13.0,9.0,12.0,13.0,9.0,8.0,9.0,7.0,14.0,11.0,10.75,-8.5,0.5,Unknown,10.656500000000001,0.1565000000000012
Orlando Robinson,-107.0,-125.0,7.5,7.0,7.0,5.0,7.0,8.0,3.0,2.0,7.0,5.0,4.0,5.5,6.5,-74.83333333333333,-2.0,Unknown,6.465499999999999,-1.0345000000000013
P.J. Washington,-137.0,104.0,7.5,5.0,10.0,4.0,7.0,3.0,13.0,14.0,9.0,8.0,19.0,9.2,8.35,-8.5,1.6999999999999993,Unknown,8.408500000000007,0.9085000000000072
Paolo Banchero,-154.0,114.0,7.5,6.0,9.0,8.0,4.0,6.0,5.0,5.0,6.0,10.0,8.0,6.7,7.1,-10.833333333333334,-0.7999999999999998,Unknown,7.0050000000000106,-0.49499999999998945
Pascal Siakam,-125.0,-105.0,7.5,7.0,9.0,2.0,6.0,6.0,8.0,9.0,12.0,4.0,5.0,6.8,7.15,-74.16666666666667,-0.7000000000000002,Unknown,7.1029999999999935,-0.39700000000000646
Precious Achiuwa,-145.0,105.0,3.5,5.0,15.0,1.0,6.0,1.0,10.0,9.0,8.0,12.0,4.0,7.1,5.3,-12.166666666666666,3.5999999999999996,Unknown,5.396500000000003,1.8965000000000032
Scottie Barnes,-148.0,-108.0,7.5,2.0,12.0,13.0,3.0,8.0,3.0,9.0,6.0,11.0,10.0,7.7,7.6,-82.83333333333333,0.2000000000000001,Unknown,7.591500000000008,0.09150000000000791
Shai Gilgeous-Alexander,-125.0,-105.0,4.5,8.0,2.0,5.0,4.0,3.0,6.0,10.0,8.0,2.0,8.0,5.6,5.05,-75.16666666666667,1.0999999999999996,Unknown,5.084500000000006,0.5845000000000056
Stephen Curry,105.0,-140.0,4.5,3.0,4.0,7.0,3.0,5.0,4.0,4.0,4.0,1.0,5.0,4.0,4.25,-10.166666666666666,-0.5,Unknown,4.272500000000004,-0.2274999999999956
Tari Eason,-120.0,-110.0,6.5,2.0,2.0,14.0,4.0,6.0,3.0,9.0,6.0,4.0,6.0,5.6,6.05,-74.5,-0.9000000000000004,Unknown,6.091000000000003,-0.40899999999999714
Toumani Camara,-103.0,-132.0,6.5,5.0,10.0,4.0,9.0,5.0,3.0,5.0,8.0,10.0,7.0,6.6,6.55,-76.16666666666667,0.0999999999999996,Unknown,6.561,0.06099999999999994
Trae Young,-165.0,108.0,2.5,4.0,3.0,2.0,2.0,3.0,2.0,3.0,2.0,3.0,1.0,2.5,2.5,-18.166666666666668,0.0,Unknown,2.4959999999999996,-0.004000000000000448
Tre Jones,-149.0,105.0,3.5,5.0,5.0,8.0,0.0,1.0,2.0,4.0,1.0,1.0,2.0,2.9,3.2,-13.5,-0.6000000000000001,Unknown,3.2061499999999943,-0.2938500000000057
Tyler Herro,105.0,-135.0,5.5,8.0,6.0,3.0,4.0,3.0,2.0,6.0,7.0,3.0,8.0,5.0,5.25,-8.166666666666666,-0.5,Unknown,5.246,-0.25399999999999956
Tyrese Haliburton,-130.0,100.0,3.5,3.0,5.0,2.0,3.0,1.0,1.0,5.0,2.0,5.0,2.0,2.9,3.2,-8.833333333333334,-0.6000000000000001,Unknown,3.217499999999995,-0.2825000000000051
Tyrese Maxey,-174.0,120.0,2.5,0.0,3.0,4.0,0.0,2.0,5.0,5.0,4.0,3.0,3.0,2.9,2.7,-17.166666666666668,0.3999999999999999,Unknown,2.7089999999999956,0.20899999999999563
Walker Kessler,-130.0,100.0,13.5,25.0,9.0,13.0,14.0,17.0,19.0,8.0,12.0,22.0,18.0,15.7,14.6,-5.5,2.1999999999999993,Unknown,14.269500000000003,0.7695000000000025
Zaccharie Risacher,-136.0,100.0,3.5,1.0,4.0,4.0,1.0,9.0,3.0,3.0,6.0,12.0,2.0,4.5,4.0,-10.833333333333334,1.0,Unknown,4.006499999999999,0.5064999999999991
Zach Edey,-105.0,-130.0,9.5,12.0,12.0,9.0,5.0,9.0,11.0,8.0,9.0,6.0,11.0,9.2,9.35,-75.16666666666667,-0.3000000000000007,Unknown,9.198100000000007,-0.30189999999999273
Zach LaVine,-115.0,-115.0,4.5,7.0,4.0,4.0,3.0,6.0,8.0,3.0,5.0,2.0,3.0,4.5,4.5,-75.16666666666667,0.0,Unknown,4.5005,0.0004999999999997229
A.J. Lawson,130.0,-165.0,1.5,2.0,1.0,1.0,0.0,0.0,0.0,0.0,0.0,0.0,,0.44,0.97,-11.166666666666666,-1.06,Unknown,1.1490000000000002,-0.35099999999999976
Aaron Nesmith,-115.0,-115.0,1.5,2.0,2.0,0.0,1.0,2.0,3.0,0.0,1.0,1.0,1.0,1.3,1.4,-76.16666666666667,-0.1999999999999999,Unknown,1.3485000000000023,-0.15149999999999775
Aaron Wiggins,110.0,-145.0,1.5,1.0,3.0,3.0,2.0,2.0,2.0,3.0,0.0,0.0,5.0,2.1,1.8,-11.166666666666666,0.6000000000000001,Unknown,1.8015000000000017,0.30150000000000166
Al Horford,105.0,-135.0,2.5,4.0,4.0,0.0,2.0,2.0,1.0,1.0,3.0,0.0,1.0,1.8,2.15,-9.166666666666666,-0.7,Unknown,2.1800000000000024,-0.3199999999999976
Alex Caruso,-130.0,-104.0,2.5,2.0,1.0,1.0,2.0,3.0,4.0,2.0,6.0,2.0,5.0,2.8,2.65,-77.16666666666667,0.2999999999999998,Unknown,2.661499999999997,0.1614999999999971
Alperen Sengun,-167.0,124.0,5.5,6.0,8.0,7.0,5.0,3.0,3.0,7.0,2.0,4.0,5.0,5.0,5.25,-12.5,-0.5,Unknown,5.247000000000001,-0.2529999999999992
Andrew Nembhard,100.0,-130.0,7.5,12.0,10.0,6.0,4.0,11.0,3.0,5.0,1.0,4.0,4.0,6.0,6.75,-7.5,-1.5,Unknown,6.3572000000000015,-1.1427999999999985
Andrew Wiggins,-102.0,-130.0,2.5,1.0,6.0,1.0,4.0,1.0,3.0,5.0,2.0,6.0,2.0,3.1,2.8,-76.5,0.6000000000000001,Unknown,2.802000000000004,0.30200000000000404
Anfernee Simons,-155.0,100.0,4.5,1.0,5.0,6.0,3.0,2.0,6.0,5.0,6.0,4.0,7.0,4.5,4.5,-16.833333333333332,0.0,Unknown,4.5,0.0
Bam Adebayo,-130.0,100.0,3.5,2.0,4.0,5.0,5.0,4.0,7.0,3.0,1.0,1.0,1.0,3.3,3.4,-8.833333333333334,-0.2000000000000001,Unknown,3.376999999999999,-0.12300000000000111
Bilal Coulibaly,-125.0,-105.0,3.5,4.0,0.0,0.0,3.0,3.0,2.0,6.0,4.0,8.0,4.0,3.4,3.45,-75.5,-0.1,Unknown,3.4664999999999964,-0.03350000000000364
Bismack Biyombo,-210.0,155.0,0.5,0.0,1.0,3.0,2.0,1.0,1.0,1.0,0.0,1.0,2.0,1.2,0.85,-18.166666666666668,0.7,Unknown,0.9340000000000005,0.4340000000000005
Bol Bol,-140.0,105.0,0.5,1.0,1.0,0.0,3.0,2.0,1.0,1.0,1.0,0.0,0.0,1.0,0.75,-11.5,0.5,Unknown,0.7829,0.28290000000000004
Bradley Beal,-135.0,100.0,4.5,6.0,9.0,2.0,3.0,11.0,1.0,4.0,6.0,6.0,3.0,5.1,4.8,-10.166666666666666,0.5999999999999996,Unknown,4.837500000000005,0.3375000000000048
Cameron Johnson,-180.0,120.0,2.5,4.0,4.0,0.0,4.0,7.0,1.0,4.0,2.0,3.0,3.0,3.2,2.85,-19.166666666666668,0.7000000000000002,Unknown,2.910500000000001,0.4105000000000012
Cameron Payne,-160.0,120.0,2.5,3.0,1.0,4.0,3.0,3.0,2.0,0.0,4.0,5.0,4.0,2.9,2.7,-12.5,0.3999999999999999,Unknown,2.707499999999996,0.20749999999999602
Carlton Carrington,-160.0,108.0,4.5,3.0,9.0,7.0,4.0,4.0,2.0,4.0,2.0,5.0,5.0,4.5,4.5,-15.833333333333334,0.0,Unknown,4.4995,-0.0004999999999997229
Cason Wallace,130.0,-175.0,2.5,1.0,1.0,4.0,4.0,4.0,2.0,1.0,2.0,5.0,0.0,2.4,2.45,-14.166666666666666,-0.1,Unknown,2.450499999999996,-0.049500000000004096
Chris Paul,-143.0,100.0,6.5,7.0,6.0,7.0,6.0,8.0,4.0,10.0,7.0,2.0,10.0,6.7,6.6,-12.166666666666666,0.2000000000000001,Unknown,6.627500000000007,0.1275000000000066
Coby White,-115.0,-115.0,4.5,3.0,1.0,7.0,1.0,3.0,3.0,6.0,8.0,6.0,3.0,4.1,4.3,-75.16666666666667,-0.4000000000000003,Unknown,4.302500000000006,-0.19749999999999357
Cole Anthony,120.0,-160.0,3.5,9.0,3.0,1.0,4.0,4.0,1.0,7.0,3.0,1.0,4.0,3.7,3.6,-12.166666666666666,0.2000000000000001,Unknown,3.547500000000001,0.04750000000000121
Corey Kispert,-150.0,115.0,1.5,1.0,3.0,0.0,4.0,1.0,3.0,1.0,2.0,0.0,2.0,1.7,1.6,-11.166666666666666,0.1999999999999999,Unknown,1.599699999999998,0.0996999999999979
D'Angelo Russell,-130.0,100.0,5.5,7.0,4.0,4.0,5.0,4.0,4.0,1.0,2.0,5.0,3.0,3.9,4.7,-8.166666666666666,-1.6,Unknown,4.597999999999997,-0.9020000000000028
Davion Mitchell,-105.0,-125.0,5.5,8.0,10.0,7.0,5.0,8.0,6.0,2.0,5.0,1.0,4.0,5.6,5.55,-74.83333333333333,0.0999999999999996,Unknown,5.542500000000003,0.04250000000000309
De'Aaron Fox,-145.0,114.0,5.5,3.0,8.0,7.0,4.0,7.0,3.0,9.0,5.0,5.0,7.0,5.8,5.65,-8.5,0.2999999999999998,Unknown,5.6719999999999935,0.1719999999999935
DeMar DeRozan,-130.0,100.0,5.5,10.0,7.0,5.0,4.0,6.0,8.0,3.0,6.0,5.0,6.0,6.0,5.75,-8.166666666666666,0.5,Unknown,5.747999999999999,0.24799999999999933
Deni Avdija,-148.0,100.0,3.5,2.0,4.0,10.0,1.0,5.0,4.0,5.0,1.0,8.0,4.0,4.4,3.95,-14.833333333333334,0.9000000000000004,Unknown,3.9464999999999937,0.4464999999999937
Derrick White,-110.0,-120.0,4.5,7.0,6.0,2.0,2.0,5.0,3.0,5.0,7.0,2.0,9.0,4.8,4.65,-75.16666666666667,0.2999999999999998,Unknown,4.655999999999994,0.15599999999999437
Desmond Bane,-138.0,104.0,5.5,8.0,6.0,1.0,10.0,4.0,9.0,8.0,2.0,7.0,4.0,5.9,5.7,-9.5,0.4000000000000003,Unknown,5.698499999999997,0.19849999999999657
Devin Booker,-115.0,-114.0,7.5,6.0,7.0,8.0,5.0,9.0,9.0,10.0,8.0,8.0,8.0,7.8,7.65,-73.83333333333333,0.2999999999999998,Unknown,7.599499999999993,0.09949999999999282
Devin Vassell,-110.0,-120.0,2.5,2.0,3.0,5.0,5.0,3.0,3.0,3.0,1.0,0.0,0.0,2.5,2.5,-75.83333333333333,0.0,Unknown,2.4964999999999997,-0.0035000000000002807
Dillon Brooks,-150.0,110.0,1.5,3.0,1.0,2.0,0.0,1.0,4.0,5.0,2.0,1.0,3.0,2.2,1.85,-12.833333333333334,0.7000000000000002,Unknown,1.846499999999998,0.34649999999999803
Donovan Clingan,135.0,-185.0,1.5,3.0,1.0,1.0,2.0,2.0,3.0,3.0,1.0,0.0,0.0,1.6,1.55,-16.166666666666668,0.1,Unknown,1.548,0.04800000000000004
Draymond Green,-129.0,-104.0,6.5,7.0,10.0,8.0,7.0,8.0,4.0,6.0,6.0,9.0,8.0,7.3,6.9,-75.5,0.7999999999999998,Unknown,6.884499999999994,0.38449999999999385
Duncan Robinson,-115.0,-115.0,2.5,4.0,1.0,2.0,1.0,5.0,5.0,6.0,2.0,0.0,0.0,2.6,2.55,-75.83333333333333,0.1,Unknown,2.5320000000000022,0.03200000000000225
Dyson Daniels,-110.0,-119.0,4.5,4.0,5.0,6.0,7.0,3.0,5.0,2.0,6.0,4.0,4.0,4.6,4.55,-74.83333333333333,0.0999999999999996,Unknown,4.538000000000006,0.038000000000005585
Franz Wagner,-160.0,114.0,3.5,5.0,6.0,1.0,1.0,4.0,4.0,5.0,3.0,5.0,2.0,3.6,3.55,-14.166666666666666,0.1,Unknown,3.5515000000000048,0.051500000000004764
Fred VanVleet,110.0,-145.0,5.5,5.0,2.0,5.0,6.0,7.0,6.0,5.0,2.0,3.0,8.0,4.9,5.2,-9.833333333333334,-0.5999999999999996,Unknown,5.189999999999997,-0.31000000000000316
Harrison Barnes,140.0,-190.0,1.5,1.0,0.0,3.0,2.0,1.0,1.0,2.0,2.0,3.0,1.0,1.6,1.55,-16.166666666666668,0.1,Unknown,1.548,0.04800000000000004
Immanuel Quickley,100.0,-130.0,5.5,5.0,4.0,4.0,5.0,6.0,7.0,8.0,3.0,3.0,5.0,5.0,5.25,-8.166666666666666,-0.5,Unknown,5.246,-0.25399999999999956
Isaiah Collier,-112.0,-120.0,7.5,10.0,6.0,6.0,2.0,8.0,14.0,7.0,4.0,10.0,12.0,7.9,7.7,-74.83333333333333,0.4000000000000003,Unknown,7.6695,0.1695000000000002
Isaiah Hartenstein,-117.0,-114.0,3.5,1.0,2.0,6.0,6.0,6.0,3.0,2.0,5.0,4.0,1.0,3.6,3.55,-75.83333333333333,0.1,Unknown,3.545500000000006,0.04550000000000587
Isaiah Joe,-200.0,150.0,0.5,2.0,6.0,1.0,0.0,0.0,2.0,2.0,2.0,3.0,1.0,1.9,1.2,-16.5,1.4,Unknown,1.2610000000000017,0.7610000000000017
Ja Morant,-135.0,105.0,7.5,6.0,8.0,6.0,7.0,8.0,10.0,5.0,6.0,6.0,7.0,6.9,7.2,-7.5,-0.5999999999999996,Unknown,7.121400000000005,-0.37859999999999516
Jalen Green,-167.0,114.0,4.5,3.0,8.0,2.0,4.0,2.0,4.0,3.0,10.0,4.0,1.0,4.1,4.3,-16.166666666666668,-0.4000000000000003,Unknown,4.300000000000006,-0.19999999999999396
Jalen Williams,-140.0,101.0,5.5,8.0,9.0,3.0,7.0,8.0,4.0,6.0,9.0,4.0,5.0,6.3,5.9,-11.166666666666666,0.7999999999999998,Unknown,5.888499999999996,0.38849999999999607
Jamal Shead,-162.0,120.0,4.5,9.0,5.0,5.0,4.0,2.0,4.0,6.0,2.0,5.0,2.0,4.4,4.45,-12.5,-0.0999999999999996,Unknown,4.427499999999994,-0.072500000000006
Jaylen Brown,-143.0,-104.0,4.5,2.0,8.0,8.0,2.0,4.0,2.0,6.0,5.0,2.0,6.0,4.5,4.5,-80.83333333333333,0.0,Unknown,4.4975,-0.002500000000000391
Jaylen Wells,105.0,-140.0,1.5,2.0,1.0,1.0,6.0,3.0,2.0,2.0,0.0,1.0,0.0,1.8,1.65,-11.166666666666666,0.3,Unknown,1.6427000000000018,0.14270000000000183
Jayson Tatum,-130.0,100.0,6.5,8.0,2.0,7.0,9.0,3.0,11.0,9.0,10.0,7.0,2.0,6.8,6.65,-7.833333333333333,0.2999999999999998,Unknown,6.722499999999994,0.22249999999999392
Jimmy Butler,-145.0,100.0,5.5,5.0,6.0,4.0,4.0,7.0,5.0,5.0,7.0,4.0,7.0,5.4,5.45,-13.166666666666666,-0.0999999999999996,Unknown,5.451999999999995,-0.04800000000000537
Jonas Valanciunas,100.0,-135.0,3.5,7.0,6.0,6.0,3.0,1.0,2.0,1.0,1.0,2.0,0.0,2.9,3.2,-10.5,-0.6000000000000001,Unknown,3.210999999999994,-0.2890000000000059
Jordan Poole,-160.0,100.0,4.5,5.0,3.0,2.0,4.0,5.0,5.0,4.0,6.0,5.0,8.0,4.7,4.6,-18.5,0.2000000000000001,Unknown,4.606,0.10599999999999987
Josh Giddey,-122.0,-108.0,7.5,12.0,9.0,7.0,12.0,12.0,6.0,10.0,4.0,3.0,4.0,7.9,7.7,-74.16666666666667,0.4000000000000003,Unknown,7.649499999999994,0.14949999999999442
Josh Green,-110.0,-125.0,1.5,5.0,1.0,0.0,5.0,2.0,3.0,1.0,2.0,2.0,1.0,2.2,1.85,-77.83333333333333,0.7000000000000002,Unknown,1.8429999999999978,0.34299999999999775
Josh Hart,-145.0,114.0,6.5,6.0,2.0,3.0,3.0,6.0,4.0,9.0,6.0,5.0,3.0,4.7,5.6,-8.166666666666666,-1.7999999999999998,Unknown,5.796200000000008,-0.7037999999999922
Jrue Holiday,-167.0,128.0,3.5,1.0,6.0,2.0,2.0,1.0,5.0,5.0,3.0,3.0,4.0,3.2,3.35,-11.833333333333334,-0.2999999999999998,Unknown,3.3450000000000015,-0.15499999999999847
Karl-Anthony Towns,-125.0,-107.0,2.5,2.0,1.0,0.0,2.0,0.0,4.0,2.0,3.0,5.0,1.0,2.0,2.25,-76.5,-0.5,Unknown,2.233000000000001,-0.266999999999999
Keegan Murray,140.0,-190.0,1.5,2.0,1.0,0.0,3.0,2.0,2.0,0.0,0.0,3.0,5.0,1.8,1.65,-16.166666666666668,0.3,Unknown,1.647500000000002,0.14750000000000196
Kel'el Ware,-235.0,175.0,0.5,0.0,0.0,0.0,2.0,3.0,4.0,1.0,1.0,0.0,2.0,1.3,0.9,-19.833333333333332,0.8,Unknown,0.9380000000000009,0.43800000000000094
Kentavious Caldwell-Pope,175.0,-235.0,1.5,1.0,2.0,3.0,1.0,1.0,2.0,1.0,3.0,0.0,0.0,1.4,1.45,-19.5,-0.1,Unknown,1.3787000000000018,-0.12129999999999819
Keon Johnson,-105.0,-123.0,2.5,2.0,2.0,1.0,2.0,0.0,4.0,5.0,4.0,1.0,3.0,2.4,2.45,-75.16666666666667,-0.1,Unknown,2.4549999999999965,-0.04500000000000348
Kevin Durant,-106.0,-127.0,4.5,8.0,5.0,4.0,4.0,6.0,2.0,7.0,4.0,5.0,2.0,4.7,4.6,-76.16666666666667,0.2000000000000001,Unknown,4.6090000000000035,0.10900000000000354
Keyonte George,104.0,-135.0,5.5,3.0,8.0,3.0,6.0,9.0,5.0,5.0,6.0,6.0,9.0,6.0,5.75,-8.5,0.5,Unknown,5.7475,0.2474999999999996
Kyshawn George,-155.0,115.0,2.5,3.0,2.0,5.0,8.0,2.0,5.0,3.0,5.0,1.0,3.0,3.7,3.1,-12.5,1.2000000000000002,Unknown,3.2745000000000006,0.7745000000000006
LaMelo Ball,-118.0,-110.0,6.5,7.0,6.0,7.0,3.0,9.0,2.0,6.0,3.0,10.0,1.0,5.4,5.95,-73.83333333333333,-1.0999999999999996,Unknown,5.984,-0.516
Luguentz Dort,-120.0,-110.0,1.5,3.0,3.0,2.0,2.0,1.0,2.0,1.0,2.0,1.0,0.0,1.7,1.6,-76.16666666666667,0.1999999999999999,Unknown,1.598499999999998,0.09849999999999803
Luka Doncic,-145.0,102.0,8.5,3.0,12.0,15.0,9.0,5.0,5.0,12.0,7.0,8.0,4.0,8.0,8.25,-11.5,-0.5,Unknown,8.209499999999997,-0.2905000000000033
Malik Monk,-150.0,110.0,5.5,8.0,4.0,6.0,10.0,4.0,9.0,4.0,8.0,7.0,4.0,6.4,5.95,-11.5,0.9000000000000004,Unknown,5.890499999999995,0.39049999999999496
Mark Williams,-188.0,145.0,2.5,2.0,1.0,3.0,3.0,0.0,0.0,2.0,2.0,2.0,3.0,1.8,2.15,-13.5,-0.7,Unknown,2.173500000000003,-0.3264999999999971
Matas Buzelis,-145.0,105.0,1.5,1.0,2.0,3.0,3.0,3.0,2.0,5.0,1.0,1.0,1.0,2.2,1.85,-12.833333333333334,0.7000000000000002,Unknown,1.846499999999998,0.34649999999999803
Max Christie,-177.0,132.0,3.5,2.0,3.0,1.0,4.0,3.0,4.0,6.0,2.0,2.0,5.0,3.2,3.35,-13.833333333333334,-0.2999999999999998,Unknown,3.3430000000000013,-0.1569999999999987
Mikal Bridges,-115.0,-115.0,4.5,5.0,3.0,4.0,8.0,3.0,3.0,1.0,5.0,5.0,4.0,4.1,4.3,-75.16666666666667,-0.4000000000000003,Unknown,4.302500000000006,-0.19749999999999357
Miles Bridges,105.0,-135.0,3.5,5.0,2.0,5.0,3.0,7.0,6.0,2.0,1.0,3.0,7.0,4.1,3.8,-8.833333333333334,0.5999999999999996,Unknown,3.8075000000000063,0.3075000000000063
Miles McBride,125.0,-160.0,4.5,6.0,2.0,5.0,2.0,3.0,1.0,2.0,0.0,3.0,1.0,2.5,3.5,-10.166666666666666,-2.0,Unknown,3.3011500000000003,-1.1988499999999997
Moses Moody,-118.0,-110.0,1.5,3.0,2.0,2.0,0.0,0.0,0.0,1.0,1.0,4.0,1.0,1.4,1.45,-75.5,-0.1,Unknown,1.4050000000000022,-0.09499999999999775
Mouhamed Gueye,-165.0,125.0,0.5,2.0,0.0,1.0,0.0,0.0,3.0,0.0,0.0,1.0,2.0,0.9,0.7,-13.166666666666666,0.4,Unknown,0.7042000000000003,0.20420000000000027
Myles Turner,-152.0,115.0,1.5,2.0,1.0,1.0,2.0,3.0,2.0,2.0,4.0,2.0,0.0,1.9,1.7,-11.833333333333334,0.3999999999999999,Unknown,1.68,0.17999999999999994
Nick Richards,-120.0,-110.0,0.5,0.0,0.0,0.0,2.0,2.0,2.0,0.0,0.0,0.0,0.0,0.6,0.55,-76.5,0.0999999999999999,Unknown,0.6603999999999993,0.16039999999999932
Nikola Jokic,-148.0,105.0,9.5,9.0,22.0,6.0,9.0,15.0,10.0,19.0,10.0,9.0,10.0,11.9,10.7,-11.166666666666666,2.4000000000000004,Unknown,11.001000000000012,1.5010000000000119
Nikola Vucevic,-140.0,100.0,2.5,1.0,1.0,5.0,1.0,1.0,4.0,2.0,10.0,3.0,2.0,3.0,2.75,-12.5,0.5,Unknown,2.7475,0.24750000000000005
OG Anunoby,-135.0,100.0,2.5,1.0,1.0,3.0,5.0,3.0,3.0,2.0,0.0,1.0,1.0,2.0,2.25,-10.833333333333334,-0.5,Unknown,2.2220000000000013,-0.2779999999999987
Onyeka Okongwu,-105.0,-125.0,2.5,2.0,2.0,2.0,2.0,2.0,3.0,3.0,6.0,3.0,5.0,3.0,2.75,-75.83333333333333,0.5,Unknown,2.741,0.2410000000000001
Orlando Robinson,128.0,-167.0,2.5,1.0,2.0,2.0,0.0,3.0,1.0,1.0,2.0,4.0,2.0,1.8,2.15,-12.166666666666666,-0.7,Unknown,2.1755000000000027,-0.32449999999999735
P.J. Washington,-196.0,149.0,1.5,0.0,5.0,3.0,3.0,1.0,1.0,8.0,3.0,3.0,3.0,3.0,2.25,-15.166666666666666,1.5,Unknown,2.086499999999999,0.5864999999999991
Paolo Banchero,-125.0,-105.0,4.5,2.0,3.0,8.0,5.0,5.0,4.0,5.0,2.0,5.0,6.0,4.5,4.5,-75.16666666666667,0.0,Unknown,4.5005,0.0004999999999997229
Pascal Siakam,-165.0,-105.0,2.5,3.0,3.0,2.0,4.0,2.0,2.0,2.0,2.0,2.0,5.0,2.7,2.6,-89.16666666666667,0.2000000000000001,Unknown,2.5814999999999975,0.08149999999999746
Precious Achiuwa,-200.0,145.0,0.5,2.0,0.0,0.0,2.0,3.0,1.0,0.0,1.0,2.0,2.0,1.3,0.9,-18.166666666666668,0.8,Unknown,0.9430000000000007,0.4430000000000007
Scottie Barnes,-165.0,105.0,4.5,4.0,6.0,5.0,4.0,6.0,6.0,4.0,3.0,7.0,3.0,4.8,4.65,-18.5,0.2999999999999998,Unknown,4.653999999999993,0.1539999999999928
Shai Gilgeous-Alexander,-130.0,-102.0,6.5,5.0,8.0,7.0,8.0,5.0,5.0,8.0,8.0,8.0,9.0,7.1,6.8,-75.16666666666667,0.5999999999999996,Unknown,6.8224999999999945,0.32249999999999446
Stephen Curry,-105.0,-127.0,6.5,4.0,4.0,9.0,10.0,13.0,3.0,6.0,7.0,6.0,3.0,6.5,6.5,-75.16666666666667,0.0,Unknown,6.5115,0.011499999999999844
Tari Eason,-110.0,-118.0,1.5,1.0,4.0,4.0,2.0,1.0,1.0,4.0,1.0,2.0,1.0,2.1,1.8,-75.5,0.6000000000000001,Unknown,1.8005000000000013,0.3005000000000013
Toumani Camara,-160.0,125.0,1.5,5.0,2.0,2.0,1.0,2.0,4.0,2.0,3.0,6.0,3.0,3.0,2.25,-11.166666666666666,1.5,Unknown,2.0834999999999995,0.5834999999999995
Trae Young,-143.0,102.0,12.5,8.0,16.0,13.0,15.0,12.0,8.0,14.0,13.0,6.0,19.0,12.4,12.45,-9.5,-0.0999999999999996,Unknown,12.348499999999992,-0.15150000000000752
Tre Jones,-118.0,-113.0,5.5,5.0,4.0,7.0,6.0,2.0,2.0,5.0,3.0,0.0,2.0,3.6,4.55,-75.16666666666667,-1.9,Unknown,4.417500000000004,-1.082499999999996
Tyler Herro,-125.0,-105.0,6.5,6.0,7.0,6.0,7.0,7.0,10.0,3.0,11.0,7.0,3.0,6.7,6.6,-74.5,0.2000000000000001,Unknown,6.612500000000008,0.11250000000000782
Tyrese Haliburton,-130.0,100.0,10.5,15.0,12.0,10.0,11.0,15.0,12.0,9.0,7.0,8.0,9.0,10.8,10.65,-6.5,0.3000000000000007,Unknown,10.509999999999993,0.009999999999992681
Tyrese Maxey,-120.0,-110.0,5.5,6.0,11.0,5.0,2.0,5.0,7.0,3.0,5.0,7.0,5.0,5.6,5.55,-74.83333333333333,0.0999999999999996,Unknown,5.542500000000003,0.04250000000000309
Walker Kessler,130.0,-175.0,1.5,0.0,1.0,1.0,5.0,3.0,1.0,1.0,2.0,4.0,2.0,2.0,1.75,-14.5,0.5,Unknown,1.7625,0.26249999999999996
Zaccharie Risacher,135.0,-185.0,1.5,0.0,2.0,0.0,0.0,2.0,3.0,1.0,3.0,1.0,1.0,1.3,1.4,-16.166666666666668,-0.1999999999999999,Unknown,1.331700000000002,-0.1682999999999979
Zach Edey,-165.0,125.0,0.5,2.0,0.0,0.0,2.0,0.0,1.0,1.0,0.0,0.0,1.0,0.7,0.6,-13.166666666666666,0.1999999999999999,Unknown,0.6391000000000004,0.13910000000000045
Zach LaVine,-135.0,105.0,3.5,2.0,3.0,6.0,2.0,4.0,3.0,2.0,3.0,10.0,7.0,4.2,3.85,-8.833333333333334,0.7000000000000002,Unknown,3.8435000000000055,0.34350000000000547
A.J. Lawson,-105.0,-130.0,10.5,7.0,6.0,13.0,0.0,0.0,2.0,0.0,6.0,3.0,,4.11,7.305,-74.83333333333333,-6.39,Unknown,7.32634999999999,-3.17365000000001
Aaron Nesmith,-148.0,-103.0,13.5,14.0,21.0,16.0,27.0,7.0,12.0,17.0,19.0,13.0,8.0,15.4,14.45,-79.16666666666667,1.9000000000000004,Unknown,14.386,0.8859999999999992
Aaron Wiggins,-115.0,-114.0,12.5,4.0,30.0,16.0,8.0,17.0,13.0,24.0,19.0,15.0,12.0,15.8,14.15,-72.16666666666667,3.3000000000000007,Unknown,14.137000000000002,1.6370000000000022
Al Horford,-115.0,-115.0,10.5,14.0,12.0,19.0,5.0,9.0,4.0,11.0,6.0,16.0,5.0,10.1,10.3,-73.16666666666667,-0.4000000000000003,Unknown,10.21554999999999,-0.2844500000000103
Alex Caruso,-110.0,-120.0,6.5,8.0,17.0,0.0,10.0,5.0,5.0,11.0,8.0,2.0,12.0,7.8,7.15,-74.5,1.2999999999999998,Unknown,7.163999999999992,0.6639999999999917
Alperen Sengun,-139.0,104.0,20.5,20.0,22.0,25.0,30.0,9.0,23.0,27.0,24.0,10.0,17.0,20.7,20.6,-4.833333333333333,0.1999999999999993,Unknown,20.573499999999985,0.07349999999998502
Andrew Nembhard,-159.0,-115.0,11.5,11.0,15.0,5.0,11.0,9.0,7.0,6.0,12.0,11.0,9.0,9.6,10.55,-87.5,-1.9000000000000004,Unknown,10.349599999999986,-1.1504000000000136
Andrew Wiggins,-157.0,-112.0,18.5,22.0,15.0,23.0,20.0,25.0,13.0,11.0,25.0,17.0,27.0,19.8,19.15,-83.5,1.3000000000000007,Unknown,19.16500000000002,0.6650000000000205
Anfernee Simons,-148.0,-105.0,21.5,34.0,14.0,30.0,34.0,27.0,14.0,16.0,28.0,25.0,8.0,23.0,22.25,-77.16666666666667,1.5,Unknown,22.229000000000006,0.7290000000000063
Bam Adebayo,-150.0,110.0,20.5,22.0,29.0,34.0,19.0,30.0,18.0,20.0,14.0,24.0,19.0,22.9,21.7,-6.5,2.3999999999999986,Unknown,21.89,1.3900000000000006
Bilal Coulibaly,-167.0,100.0,13.5,18.0,11.0,3.0,17.0,16.0,20.0,11.0,7.0,3.0,10.0,11.6,12.55,-17.833333333333332,-1.9000000000000004,Unknown,12.281499999999989,-1.2185000000000112
Bismack Biyombo,-150.0,107.0,5.5,10.0,5.0,13.0,2.0,6.0,4.0,10.0,10.0,2.0,8.0,7.0,6.25,-12.5,1.5,Unknown,6.19,0.6900000000000004
Bol Bol,-121.0,-110.0,7.5,6.0,5.0,2.0,9.0,25.0,15.0,23.0,5.0,8.0,5.0,10.3,8.9,-74.5,2.8000000000000007,Unknown,9.055999999999989,1.5559999999999885
Bradley Beal,-129.0,-105.0,17.5,19.0,11.0,0.0,18.0,24.0,30.0,25.0,19.0,25.0,25.0,19.6,18.55,-72.16666666666667,2.1000000000000014,Unknown,18.592499999999983,1.0924999999999834
Cameron Johnson,-129.0,-104.0,18.5,26.0,17.0,13.0,14.0,19.0,17.0,23.0,18.0,16.0,14.0,17.7,18.1,-71.5,-0.8000000000000007,Unknown,18.27549999999998,-0.22450000000002035
Cameron Payne,-125.0,-105.0,5.5,5.0,3.0,5.0,5.0,3.0,4.0,7.0,5.0,3.0,10.0,5.0,5.25,-74.83333333333333,-0.5,Unknown,5.244500000000001,-0.25549999999999873
Carlton Carrington,-152.0,100.0,11.5,8.0,12.0,14.0,11.0,8.0,5.0,13.0,8.0,18.0,10.0,10.7,11.1,-13.5,-0.8000000000000007,Unknown,11.10250000000001,-0.3974999999999902
Cason Wallace,-130.0,-102.0,8.5,5.0,4.0,14.0,19.0,8.0,13.0,12.0,6.0,10.0,2.0,9.3,8.9,-74.5,0.8000000000000007,Unknown,8.889499999999988,0.3894999999999875
Chris Paul,-137.0,-102.0,7.5,7.0,9.0,11.0,6.0,8.0,4.0,12.0,4.0,3.0,13.0,7.7,7.6,-77.16666666666667,0.2000000000000001,Unknown,7.589000000000003,0.08900000000000308
Coby White,-165.0,-103.0,22.5,21.0,44.0,25.0,26.0,24.0,19.0,15.0,20.0,11.0,7.0,21.2,21.85,-81.83333333333333,-1.3000000000000007,Unknown,21.83299999999999,-0.6670000000000087
Cole Anthony,-155.0,-110.0,12.5,22.0,20.0,7.0,11.0,6.0,5.0,17.0,17.0,13.0,7.0,12.5,12.5,-84.16666666666667,0.0,Unknown,12.463999999999999,-0.036000000000001364
Corey Kispert,-118.0,-110.0,11.5,12.0,6.0,8.0,13.0,20.0,4.0,9.0,16.0,21.0,14.0,12.3,11.9,-72.16666666666667,0.8000000000000007,Unknown,12.053500000000001,0.5535000000000014
D'Angelo Russell,-167.0,-106.0,16.5,28.0,7.0,12.0,3.0,22.0,11.0,17.0,5.0,10.0,18.0,13.3,14.9,-85.5,-3.1999999999999993,Unknown,14.3465,-2.1534999999999993
Davion Mitchell,-122.0,-108.0,7.5,4.0,7.0,9.0,11.0,10.0,20.0,6.0,5.0,16.0,5.0,9.3,8.4,-74.16666666666667,1.8000000000000007,Unknown,8.521499999999987,1.0214999999999872
De'Aaron Fox,-141.0,105.0,20.5,22.0,16.0,15.0,20.0,20.0,7.0,15.0,13.0,27.0,26.0,18.1,19.3,-5.166666666666667,-2.3999999999999986,Unknown,19.23649999999999,-1.2635000000000112
DeMar DeRozan,-125.0,-105.0,22.5,31.0,22.0,35.0,20.0,21.0,19.0,18.0,34.0,20.0,24.0,24.4,23.45,-69.16666666666667,1.8999999999999984,Unknown,23.673500000000004,1.1735000000000042
Deni Avdija,-129.0,-104.0,16.5,12.0,9.0,30.0,5.0,18.0,15.0,28.0,14.0,16.0,8.0,15.5,16.0,-72.16666666666667,-1.0,Unknown,15.876,-0.6240000000000006
Derrick White,-130.0,-105.0,17.5,10.0,12.0,41.0,17.0,16.0,18.0,22.0,19.0,16.0,19.0,19.0,18.25,-72.5,1.5,Unknown,18.351,0.8509999999999991
Desmond Bane,-155.0,-105.0,24.5,30.0,27.0,15.0,35.0,24.0,25.0,7.0,16.0,23.0,23.0,22.5,23.5,-78.5,-2.0,Unknown,23.376999999999995,-1.1230000000000047
Devin Booker,-136.0,102.0,27.5,24.0,34.0,17.0,17.0,17.0,36.0,28.0,31.0,29.0,17.0,25.0,26.25,-2.1666666666666665,-2.5,Unknown,26.282999999999998,-1.2170000000000023
Devin Vassell,-148.0,108.0,17.5,13.0,10.0,37.0,15.0,20.0,9.0,20.0,5.0,6.0,13.0,14.8,16.15,-7.5,-2.6999999999999993,Unknown,16.190500000000014,-1.3094999999999857
Dillon Brooks,-150.0,-105.0,12.5,27.0,14.0,13.0,12.0,19.0,16.0,9.0,8.0,7.0,18.0,14.3,13.4,-80.83333333333333,1.8000000000000007,Unknown,13.45450000000001,0.9545000000000101
Donovan Clingan,-135.0,100.0,7.5,3.0,8.0,2.0,13.0,4.0,12.0,4.0,7.0,8.0,6.0,6.7,7.1,-9.166666666666666,-0.7999999999999998,Unknown,7.00950000000001,-0.49049999999999017
Draymond Green,-129.0,-104.0,10.5,12.0,7.0,8.0,16.0,13.0,12.0,15.0,13.0,6.0,13.0,11.5,11.0,-74.16666666666667,1.0,Unknown,10.718500000000004,0.21850000000000414
Duncan Robinson,-118.0,-110.0,11.5,12.0,15.0,14.0,17.0,10.0,20.0,24.0,3.0,3.0,14.0,13.2,12.35,-72.16666666666667,1.6999999999999993,Unknown,12.360499999999995,0.8604999999999947
Dyson Daniels,-159.0,-114.0,15.5,10.0,17.0,16.0,14.0,10.0,18.0,10.0,24.0,10.0,23.0,15.2,15.35,-85.83333333333333,-0.3000000000000007,Unknown,15.430999999999985,-0.06900000000001505
Franz Wagner,-148.0,-105.0,23.5,18.0,18.0,28.0,25.0,27.0,19.0,23.0,25.0,25.0,16.0,22.4,22.95,-76.5,-1.1000000000000014,Unknown,22.970499999999998,-0.5295000000000023
Fred VanVleet,-136.0,100.0,11.5,3.0,3.0,13.0,5.0,7.0,20.0,26.0,20.0,9.0,16.0,12.2,11.85,-8.166666666666666,0.6999999999999993,Unknown,12.083999999999996,0.5839999999999961
Harrison Barnes,-132.0,100.0,9.5,15.0,12.0,9.0,14.0,5.0,3.0,15.0,13.0,0.0,8.0,9.4,9.45,-7.5,-0.0999999999999996,Unknown,9.38300000000001,-0.11699999999999022
Immanuel Quickley,-143.0,-105.0,19.5,34.0,15.0,24.0,23.0,18.0,10.0,23.0,23.0,15.0,23.0,20.8,20.15,-76.16666666666667,1.3000000000000007,Unknown,20.540500000000016,1.0405000000000157
Isaiah Collier,-141.0,105.0,12.5,13.0,6.0,19.0,11.0,11.0,11.0,9.0,6.0,12.0,9.0,10.7,11.6,-7.833333333333333,-1.8000000000000007,Unknown,11.444000000000006,-1.0559999999999938
Isaiah Hartenstein,-135.0,100.0,10.5,10.0,10.0,8.0,10.0,13.0,13.0,4.0,12.0,8.0,10.0,9.8,10.15,-8.166666666666666,-0.6999999999999993,Unknown,10.15549999999999,-0.3445000000000107
Isaiah Joe,-110.0,-120.0,6.5,5.0,16.0,8.0,12.0,0.0,9.0,6.0,15.0,1.0,10.0,8.2,7.35,-74.5,1.6999999999999993,Unknown,7.616999999999991,1.1169999999999911
Ja Morant,-159.0,-102.0,26.5,32.0,31.0,24.0,25.0,29.0,21.0,23.0,12.0,26.0,16.0,23.9,25.2,-78.16666666666667,-2.6000000000000014,Unknown,25.100999999999996,-1.3990000000000045
Jalen Green,-148.0,108.0,21.5,14.0,9.0,12.0,18.0,24.0,21.0,25.0,25.0,35.0,9.0,19.2,20.35,-6.166666666666667,-2.3000000000000007,Unknown,19.912499999999977,-1.5875000000000234
Jalen Williams,-134.0,100.0,23.5,26.0,20.0,24.0,41.0,20.0,22.0,27.0,18.0,18.0,20.0,23.6,23.55,-3.5,0.1000000000000014,Unknown,23.614500000000003,0.11450000000000315
Jamal Shead,-130.0,100.0,8.5,11.0,8.0,8.0,12.0,5.0,0.0,6.0,6.0,9.0,2.0,6.7,7.6,-7.166666666666667,-1.7999999999999998,Unknown,7.361600000000006,-1.1383999999999936
Jared Rhoden,-130.0,100.0,8.5,13.0,14.0,4.0,0.0,0.0,0.0,0.0,4.0,,,4.38,6.4399999999999995,-7.166666666666667,-4.12,Unknown,6.68640000000001,-1.8135999999999903
Jaylen Brown,-125.0,-105.0,26.5,31.0,18.0,22.0,37.0,24.0,24.0,20.0,12.0,25.0,16.0,22.9,24.7,-67.83333333333333,-3.6000000000000014,Unknown,24.25249999999999,-2.2475000000000094
Jaylen Wells,-125.0,-105.0,11.5,9.0,5.0,3.0,12.0,18.0,3.0,19.0,14.0,7.0,17.0,10.7,11.1,-72.83333333333333,-0.8000000000000007,Unknown,11.110000000000007,-0.38999999999999346
Jayson Tatum,-120.0,-110.0,27.5,40.0,35.0,16.0,46.0,27.0,19.0,25.0,15.0,32.0,33.0,28.8,28.15,-67.5,1.3000000000000007,Unknown,27.28800000000004,-0.21199999999996066
Jerami Grant,-132.0,100.0,13.5,25.0,4.0,15.0,20.0,8.0,3.0,14.0,12.0,20.0,14.0,13.5,13.5,-6.166666666666667,0.0,Unknown,13.104999999999993,-0.3950000000000067
Jimmy Butler,-143.0,108.0,20.5,26.0,25.0,19.0,13.0,5.0,6.0,18.0,17.0,19.0,21.0,16.9,18.7,-4.833333333333333,-3.6000000000000014,Unknown,18.827500000000015,-1.6724999999999852
Jonas Valanciunas,-120.0,-110.0,12.5,9.0,15.0,19.0,14.0,15.0,15.0,6.0,6.0,4.0,5.0,10.8,11.65,-72.5,-1.6999999999999993,Unknown,11.532999999999998,-0.9670000000000023
Jordan Poole,-141.0,-102.0,22.5,34.0,24.0,26.0,16.0,11.0,42.0,16.0,21.0,45.0,19.0,25.4,23.95,-73.5,2.8999999999999986,Unknown,24.07950000000001,1.5795000000000101
Josh Giddey,-141.0,106.0,18.5,26.0,19.0,18.0,19.0,21.0,25.0,24.0,27.0,17.0,11.0,20.7,19.6,-5.5,2.1999999999999993,Unknown,19.861499999999992,1.3614999999999924
Josh Green,-130.0,-105.0,5.5,0.0,3.0,2.0,13.0,7.0,6.0,3.0,4.0,19.0,4.0,6.1,5.8,-76.5,0.5999999999999996,Unknown,5.789500000000003,0.289500000000003
Josh Hart,-143.0,-105.0,14.5,14.0,18.0,2.0,14.0,12.0,7.0,20.0,18.0,30.0,17.0,15.2,14.85,-77.83333333333333,0.6999999999999993,Unknown,14.698499999999989,0.19849999999998857
Jrue Holiday,-110.0,-120.0,11.5,7.0,4.0,14.0,8.0,6.0,9.0,4.0,6.0,8.0,17.0,8.3,9.9,-72.83333333333333,-3.1999999999999993,Unknown,9.883049999999985,-1.6169500000000152
Karl-Anthony Towns,-155.0,-109.0,26.5,23.0,12.0,19.0,11.0,24.0,23.0,32.0,44.0,40.0,9.0,23.7,25.1,-79.16666666666667,-2.8000000000000007,Unknown,24.99849999999997,-1.5015000000000285
Keegan Murray,-125.0,-105.0,11.5,15.0,19.0,6.0,18.0,13.0,26.0,10.0,13.0,13.0,6.0,13.9,12.7,-72.83333333333333,2.4000000000000004,Unknown,12.870500000000016,1.3705000000000158
Kel'el Ware,-139.0,100.0,9.5,7.0,12.0,8.0,12.0,8.0,12.0,4.0,17.0,7.0,8.0,9.5,9.5,-9.833333333333334,0.0,Unknown,9.468,-0.03200000000000003
Kentavious Caldwell-Pope,-150.0,110.0,8.5,9.0,19.0,12.0,12.0,0.0,9.0,5.0,9.0,6.0,2.0,8.3,8.4,-10.5,-0.1999999999999993,Unknown,8.435499999999989,-0.06450000000001133
Keon Johnson,-152.0,112.0,11.5,1.0,12.0,8.0,10.0,10.0,16.0,9.0,11.0,16.0,6.0,9.9,10.7,-9.5,-1.5999999999999996,Unknown,10.53050000000001,-0.9694999999999894
Kevin Durant,-139.0,104.0,26.5,21.0,29.0,34.0,26.0,17.0,28.0,26.0,15.0,27.0,22.0,24.5,25.5,-2.8333333333333335,-2.0,Unknown,25.345499999999998,-1.1545000000000023
Keyonte George,-143.0,107.0,18.5,25.0,18.0,12.0,28.0,5.0,11.0,21.0,30.0,20.0,13.0,18.3,18.4,-5.833333333333333,-0.1999999999999993,Unknown,18.395500000000023,-0.10449999999997672
Klay Thompson,-148.0,108.0,18.5,26.0,15.0,28.0,3.0,16.0,18.0,22.0,11.0,12.0,17.0,16.8,17.65,-7.166666666666667,-1.6999999999999993,Unknown,17.77300000000002,-0.726999999999979
Kyle Filipowski,-122.0,-109.0,11.5,25.0,17.0,23.0,25.0,12.0,11.0,9.0,20.0,8.0,12.0,16.2,13.85,-73.16666666666667,4.699999999999999,Unknown,14.06199999999999,2.5619999999999905
Kyshawn George,-160.0,100.0,10.5,5.0,23.0,10.0,8.0,7.0,12.0,9.0,4.0,14.0,11.0,10.3,10.4,-16.5,-0.1999999999999993,Unknown,10.375999999999985,-0.12400000000001477
LaMelo Ball,-167.0,100.0,23.5,13.0,28.0,25.0,20.0,13.0,5.0,27.0,5.0,24.0,7.0,16.7,20.1,-14.5,-6.800000000000001,Unknown,19.761999999999986,-3.7380000000000138
Luguentz Dort,-130.0,-103.0,8.5,6.0,3.0,11.0,9.0,20.0,3.0,5.0,4.0,6.0,14.0,8.1,8.3,-74.83333333333333,-0.4000000000000003,Unknown,8.390499999999998,-0.10950000000000237
Luka Doncic,-150.0,-103.0,30.5,34.0,32.0,30.0,29.0,31.0,21.0,19.0,32.0,14.0,16.0,25.8,28.15,-74.16666666666667,-4.699999999999999,Unknown,26.775999999999996,-3.7240000000000038
Malik Monk,-130.0,100.0,17.5,13.0,16.0,13.0,13.0,13.0,24.0,17.0,17.0,13.0,21.0,16.0,16.75,-4.166666666666667,-1.5,Unknown,16.5525,-0.9475000000000016
Mark Williams,-143.0,100.0,13.5,12.0,12.0,24.0,26.0,12.0,10.0,10.0,6.0,23.0,20.0,15.5,14.5,-9.833333333333334,2.0,Unknown,14.372,0.8719999999999999
Matas Buzelis,-165.0,-112.0,14.5,13.0,11.0,17.0,18.0,10.0,5.0,17.0,15.0,5.0,11.0,12.2,13.35,-87.5,-2.3000000000000007,Unknown,12.981999999999994,-1.518000000000006
Max Christie,-130.0,100.0,14.5,12.0,8.0,13.0,10.0,5.0,8.0,10.0,2.0,16.0,19.0,10.3,12.4,-5.166666666666667,-4.199999999999999,Unknown,11.814,-2.686
Mikal Bridges,-139.0,104.0,18.5,22.0,6.0,15.0,5.0,15.0,28.0,14.0,14.0,13.0,11.0,14.3,16.4,-5.5,-4.199999999999999,Unknown,16.116500000000013,-2.3834999999999873
Miles Bridges,-137.0,104.0,23.5,26.0,46.0,23.0,35.0,18.0,20.0,9.0,23.0,17.0,36.0,25.3,24.4,-3.1666666666666665,1.8000000000000007,Unknown,24.260500000000025,0.7605000000000253
Miles McBride,-135.0,100.0,12.5,7.0,0.0,6.0,12.0,17.0,6.0,2.0,5.0,23.0,0.0,7.8,10.15,-7.5,-4.7,Unknown,9.797049999999986,-2.7029500000000137
Moses Moody,-150.0,104.0,11.5,12.0,10.0,9.0,5.0,10.0,10.0,13.0,14.0,22.0,10.0,11.5,11.5,-11.5,0.0,Unknown,11.383,-0.11700000000000088
Mouhamed Gueye,-115.0,-115.0,7.5,6.0,4.0,15.0,2.0,5.0,9.0,2.0,2.0,2.0,9.0,5.6,6.55,-74.16666666666667,-1.9000000000000004,Unknown,6.506999999999998,-0.9930000000000021
Myles Turner,-155.0,-103.0,16.5,14.0,17.0,16.0,16.0,22.0,18.0,23.0,17.0,17.0,0.0,16.0,16.25,-80.5,-0.5,Unknown,16.136499999999998,-0.36350000000000193
Nick Richards,-139.0,-102.0,9.5,14.0,18.0,16.0,4.0,19.0,10.0,6.0,10.0,15.0,3.0,11.5,10.5,-77.16666666666667,2.0,Unknown,10.504500000000002,1.004500000000002
Nikola Jokic,-136.0,102.0,25.5,24.0,31.0,22.0,20.0,23.0,32.0,18.0,12.0,29.0,26.0,23.7,24.6,-2.8333333333333335,-1.8000000000000007,Unknown,24.58149999999999,-0.9185000000000088
Nikola Vucevic,-132.0,100.0,16.5,16.0,21.0,21.0,8.0,10.0,10.0,12.0,20.0,21.0,6.0,14.5,15.5,-5.166666666666667,-2.0,Unknown,15.718000000000002,-0.7819999999999983
OG Anunoby,-128.0,-104.0,16.5,11.0,20.0,29.0,23.0,19.0,16.0,10.0,5.0,13.0,23.0,16.9,16.7,-71.83333333333333,0.3999999999999986,Unknown,17.023000000000014,0.5230000000000139
Onyeka Okongwu,-167.0,-107.0,15.5,16.0,20.0,6.0,16.0,23.0,13.0,17.0,16.0,11.0,21.0,15.9,15.7,-86.16666666666667,0.4000000000000003,Unknown,15.461500000000012,-0.03849999999998843
Orlando Robinson,-143.0,100.0,8.5,7.0,7.0,2.0,6.0,12.0,8.0,4.0,10.0,9.0,6.0,7.1,7.8,-11.5,-1.4000000000000004,Unknown,7.421400000000003,-1.0785999999999971
P.J. Washington,-167.0,-105.0,15.5,4.0,0.0,17.0,24.0,6.0,22.0,25.0,19.0,17.0,22.0,15.6,15.55,-85.5,0.0999999999999996,Unknown,15.472500000000004,-0.027499999999996305
Paolo Banchero,-148.0,110.0,24.5,29.0,20.0,41.0,23.0,41.0,26.0,19.0,21.0,36.0,24.0,28.0,26.25,-4.5,3.5,Unknown,24.931500000000025,0.43150000000002464
Pascal Siakam,-132.0,-103.0,23.5,23.0,35.0,18.0,20.0,36.0,15.0,19.0,12.0,16.0,15.0,20.9,22.2,-70.5,-2.6000000000000014,Unknown,21.625499999999978,-1.8745000000000225
Precious Achiuwa,115.0,-150.0,6.5,9.0,8.0,3.0,7.0,0.0,7.0,11.0,26.0,9.0,3.0,8.3,7.4,-9.5,1.8000000000000007,Unknown,7.574999999999992,1.0749999999999922
Scottie Barnes,-132.0,100.0,20.5,18.0,22.0,17.0,10.0,24.0,21.0,20.0,13.0,16.0,33.0,19.4,19.95,-3.8333333333333335,-1.1000000000000014,Unknown,19.41399999999999,-1.0860000000000092
Shai Gilgeous-Alexander,-162.0,-104.0,33.5,40.0,41.0,51.0,31.0,31.0,27.0,39.0,37.0,21.0,24.0,34.2,33.85,-77.5,0.7000000000000028,Unknown,31.418999999999972,-2.081000000000028
Stephen Curry,-167.0,-102.0,28.5,32.0,40.0,28.0,21.0,29.0,56.0,15.0,30.0,20.0,27.0,29.8,29.15,-80.16666666666667,1.3000000000000007,Unknown,27.98900000000002,-0.5109999999999815
Tari Eason,-130.0,100.0,12.5,12.0,20.0,16.0,14.0,12.0,12.0,25.0,8.0,10.0,12.0,14.1,13.3,-5.833333333333333,1.5999999999999996,Unknown,13.349999999999989,0.849999999999989
Toumani Camara,-159.0,-115.0,11.5,7.0,7.0,12.0,11.0,19.0,19.0,11.0,8.0,20.0,19.0,13.3,12.4,-87.5,1.8000000000000007,Unknown,12.480500000000001,0.980500000000001
Trae Young,-150.0,-108.0,27.5,36.0,22.0,28.0,12.0,19.0,17.0,11.0,38.0,38.0,38.0,25.9,26.7,-76.83333333333333,-1.6000000000000014,Unknown,26.57399999999999,-0.926000000000009
Tre Jones,-157.0,-110.0,10.5,15.0,20.0,9.0,11.0,10.0,16.0,4.0,4.0,5.0,15.0,10.9,10.7,-85.5,0.4000000000000003,Unknown,10.62600000000001,0.1260000000000101
Tyler Herro,-159.0,-105.0,23.5,21.0,22.0,16.0,22.0,29.0,24.0,11.0,40.0,28.0,40.0,25.3,24.4,-80.16666666666667,1.8000000000000007,Unknown,24.199000000000026,0.6990000000000265
Tyrese Haliburton,-141.0,100.0,19.5,28.0,17.0,19.0,33.0,19.0,29.0,22.0,20.0,16.0,19.0,22.2,20.85,-7.166666666666667,2.6999999999999993,Unknown,21.229999999999976,1.7299999999999756
Tyrese Maxey,-120.0,-110.0,23.5,5.0,5.0,30.0,13.0,31.0,16.0,5.0,39.0,27.0,31.0,20.2,21.85,-68.83333333333333,-3.3000000000000007,Unknown,21.49349999999997,-2.006500000000031
Walker Kessler,-132.0,100.0,12.5,18.0,14.0,9.0,25.0,11.0,4.0,16.0,13.0,19.0,15.0,14.4,13.45,-6.5,1.9000000000000004,Unknown,13.482500000000016,0.9825000000000159
Zaccharie Risacher,-130.0,-103.0,12.5,6.0,11.0,7.0,27.0,12.0,11.0,2.0,19.0,11.0,16.0,12.2,12.35,-73.5,-0.3000000000000007,Unknown,12.344999999999994,-0.15500000000000647
Zach Edey,-143.0,100.0,9.5,6.0,8.0,6.0,15.0,17.0,10.0,8.0,6.0,2.0,5.0,8.3,8.9,-11.166666666666666,-1.1999999999999993,Unknown,8.933499999999986,-0.5665000000000138
Zach LaVine,-125.0,-105.0,22.5,30.0,36.0,20.0,22.0,20.0,22.0,42.0,13.0,32.0,23.0,26.0,24.25,-69.16666666666667,3.5,Unknown,24.169000000000004,1.669000000000004
